Country,Year,Inbound Country,Inbound Visitors,Outbound Country,Outbound Visitors,Distance,Cultural,Government_prioritization,Segurity_homocide,Segurity_terrorism,Natural_resources,Price_competitiveness,Service_infrastructure,Visa_requirements
Australia,2014,China,773.7,New Zealand,1185.6,67.91596680521809,5.134926470588235,5.675630645431296,0.07705779334500876,7.0,5.305911971079456,3.0643638153434454,5.442437156217986,2.171628721541156
Australia,2015,China,936.0,New Zealand,1224.8,67.91596680521809,5.134926470588235,5.675630645431296,0.07705779334500876,7.0,5.305911971079456,3.0643638153434454,5.442437156217986,2.171628721541156
Australia,2016,China,1145.7,New Zealand,1292.6,67.91596680521809,4.954462851820665,5.762525442067314,0.08844565068144403,6.83416569947074,5.212771188981338,3.822124939650889,6.061303543665678,3.5026269702276704
Australia,2017,China,1259.1,New Zealand,1411.6,67.91596680521809,4.954462851820665,5.762525442067314,0.08844565068144403,6.83416569947074,5.212771188981338,3.822124939650889,6.061303543665678,3.5026269702276704
Australia,2014,New Zealand,1185.6,Indonesia,1015.5,43.98042291168318,5.134926470588235,5.675630645431296,0.07705779334500876,7.0,5.305911971079456,3.0643638153434454,5.442437156217986,2.171628721541156
Australia,2015,New Zealand,1224.8,Indonesia,1125.6,43.98042291168318,5.134926470588235,5.675630645431296,0.07705779334500876,7.0,5.305911971079456,3.0643638153434454,5.442437156217986,2.171628721541156
Australia,2016,New Zealand,1292.6,Indonesia,1147.5,43.98042291168318,4.954462851820665,5.762525442067314,0.08844565068144403,6.83416569947074,5.212771188981338,3.822124939650889,6.061303543665678,3.5026269702276704
Australia,2017,New Zealand,1411.6,Indonesia,1222.9,43.98042291168318,4.954462851820665,5.762525442067314,0.08844565068144403,6.83416569947074,5.212771188981338,3.822124939650889,6.061303543665678,3.5026269702276704
Australia,2014,United States,970.2,United States,970.2,237.81106494278976,5.134926470588235,5.675630645431296,0.07705779334500876,7.0,5.305911971079456,3.0643638153434454,5.442437156217986,2.171628721541156
Australia,2015,United States,999.4,United States,999.4,237.81106494278976,5.134926470588235,5.675630645431296,0.07705779334500876,7.0,5.305911971079456,3.0643638153434454,5.442437156217986,2.171628721541156
Australia,2016,United States,1061.5,United States,1061.5,237.81106494278976,4.954462851820665,5.762525442067314,0.08844565068144403,6.83416569947074,5.212771188981338,3.822124939650889,6.061303543665678,3.5026269702276704
Australia,2017,United States,1086.2,United States,1086.2,237.81106494278976,4.954462851820665,5.762525442067314,0.08844565068144403,6.83416569947074,5.212771188981338,3.822124939650889,6.061303543665678,3.5026269702276704
Australia,2014,United Kingdom,564.3,United Kingdom,564.3,159.15937283963984,5.134926470588235,5.675630645431296,0.07705779334500876,7.0,5.305911971079456,3.0643638153434454,5.442437156217986,2.171628721541156
Australia,2015,United Kingdom,570.9,United Kingdom,570.9,159.15937283963984,5.134926470588235,5.675630645431296,0.07705779334500876,7.0,5.305911971079456,3.0643638153434454,5.442437156217986,2.171628721541156
Australia,2016,United Kingdom,600.6,United Kingdom,600.6,159.15937283963984,4.954462851820665,5.762525442067314,0.08844565068144403,6.83416569947074,5.212771188981338,3.822124939650889,6.061303543665678,3.5026269702276704
Australia,2017,United Kingdom,610.9,United Kingdom,610.9,159.15937283963984,4.954462851820665,5.762525442067314,0.08844565068144403,6.83416569947074,5.212771188981338,3.822124939650889,6.061303543665678,3.5026269702276704
Australia,2014,Japan,330.7,Thailand,615.7,61.642074292630916,5.134926470588235,5.675630645431296,0.07705779334500876,7.0,5.305911971079456,3.0643638153434454,5.442437156217986,2.171628721541156
Australia,2015,Japan,332.7,Thailand,564.7,61.642074292630916,5.134926470588235,5.675630645431296,0.07705779334500876,7.0,5.305911971079456,3.0643638153434454,5.442437156217986,2.171628721541156
Australia,2016,Japan,380.4,Thailand,558.2,61.642074292630916,4.954462851820665,5.762525442067314,0.08844565068144403,6.83416569947074,5.212771188981338,3.822124939650889,6.061303543665678,3.5026269702276704
Australia,2017,Japan,428.5,Thailand,558.2,61.642074292630916,4.954462851820665,5.762525442067314,0.08844565068144403,6.83416569947074,5.212771188981338,3.822124939650889,6.061303543665678,3.5026269702276704
Austria,2014,Germany,2346.752,Italy,2032.914,5.487862753906665,2.9230662153616205,6.138436134940653,0.06304728546409807,6.977,4.069863071224816,3.491662444929718,6.827936758842984,1.6112084063047285
Austria,2015,Germany,2296.832,Italy,1971.202,5.487862753906665,2.9230662153616205,6.138436134940653,0.06304728546409807,6.977,4.069863071224816,3.491662444929718,6.827936758842984,1.6112084063047285
Austria,2016,Germany,2323.78,Italy,2177.651,5.487862753906665,3.064843552205557,5.744953430823561,0.08442341829631533,6.986074280647149,4.114909788961972,3.8581864227613387,6.671623504657319,1.681260945709282
Austria,2017,Germany,2189.432,Italy,2220.578,5.487862753906665,3.064843552205557,5.744953430823561,0.08442341829631533,6.986074280647149,4.114909788961972,3.8581864227613387,6.671623504657319,1.681260945709282
Austria,2014,Netherlands,1671.581,Germany,2346.752,10.345852114313253,2.9230662153616205,6.138436134940653,0.06304728546409807,6.977,4.069863071224816,3.491662444929718,6.827936758842984,1.6112084063047285
Austria,2015,Netherlands,1735.184,Germany,2296.832,10.345852114313253,2.9230662153616205,6.138436134940653,0.06304728546409807,6.977,4.069863071224816,3.491662444929718,6.827936758842984,1.6112084063047285
Austria,2016,Netherlands,1862.885,Germany,2323.78,10.345852114313253,3.064843552205557,5.744953430823561,0.08442341829631533,6.986074280647149,4.114909788961972,3.8581864227613387,6.671623504657319,1.681260945709282
Austria,2017,Netherlands,1934.724,Germany,2189.432,10.345852114313253,3.064843552205557,5.744953430823561,0.08442341829631533,6.986074280647149,4.114909788961972,3.8581864227613387,6.671623504657319,1.681260945709282
Austria,2014,Italy,2032.914,Spain,576.282,5.982398219739718,2.9230662153616205,6.138436134940653,0.06304728546409807,6.977,4.069863071224816,3.491662444929718,6.827936758842984,1.6112084063047285
Austria,2015,Italy,1971.202,Spain,592.232,5.982398219739718,2.9230662153616205,6.138436134940653,0.06304728546409807,6.977,4.069863071224816,3.491662444929718,6.827936758842984,1.6112084063047285
Austria,2016,Italy,2177.651,Spain,627.857,5.982398219739718,3.064843552205557,5.744953430823561,0.08442341829631533,6.986074280647149,4.114909788961972,3.8581864227613387,6.671623504657319,1.681260945709282
Austria,2017,Italy,2220.578,Spain,620.4,5.982398219739718,3.064843552205557,5.744953430823561,0.08442341829631533,6.986074280647149,4.114909788961972,3.8581864227613387,6.671623504657319,1.681260945709282
Austria,2014,United Kingdom,802.552,Greece,380.398,19.629213648397254,2.9230662153616205,6.138436134940653,0.06304728546409807,6.977,4.069863071224816,3.491662444929718,6.827936758842984,1.6112084063047285
Austria,2015,United Kingdom,875.776,Greece,351.783,19.629213648397254,2.9230662153616205,6.138436134940653,0.06304728546409807,6.977,4.069863071224816,3.491662444929718,6.827936758842984,1.6112084063047285
Austria,2016,United Kingdom,919.623,Greece,368.657,19.629213648397254,3.064843552205557,5.744953430823561,0.08442341829631533,6.986074280647149,4.114909788961972,3.8581864227613387,6.671623504657319,1.681260945709282
Austria,2017,United Kingdom,941.512,Greece,374.949,19.629213648397254,3.064843552205557,5.744953430823561,0.08442341829631533,6.986074280647149,4.114909788961972,3.8581864227613387,6.671623504657319,1.681260945709282
Colombia,2014,United States,1234.907,United States,1234.907,38.93758697872466,3.209039627381099,4.9748246849832505,2.1576182136602453,2.2765,4.132414782424454,4.474178226376762,3.5850260208952207,4.693520140105079
Colombia,2015,United States,1256.053,United States,1256.053,38.93758697872466,3.209039627381099,4.9748246849832505,2.1576182136602453,2.2765,4.132414782424454,4.474178226376762,3.5850260208952207,4.693520140105079
Colombia,2016,United States,1290.62,United States,1290.62,38.93758697872466,3.371260737755973,4.217587999999523,0.023927502655453733,1.0,4.470499581508207,4.383613817565247,3.6910991123325014,4.693520140105079
Colombia,2017,United States,1241.956,United States,1241.956,38.93758697872466,3.371260737755973,4.217587999999523,0.023927502655453733,1.0,4.470499581508207,4.383613817565247,3.6910991123325014,4.693520140105079
Colombia,2014,Venezuela,522.562,Spain,196.309,7.9271883862775,3.209039627381099,4.9748246849832505,2.1576182136602453,2.2765,4.132414782424454,4.474178226376762,3.5850260208952207,4.693520140105079
Colombia,2015,Venezuela,371.521,Spain,221.086,7.9271883862775,3.209039627381099,4.9748246849832505,2.1576182136602453,2.2765,4.132414782424454,4.474178226376762,3.5850260208952207,4.693520140105079
Colombia,2016,Venezuela,109.593,Spain,318.56,7.9271883862775,3.371260737755973,4.217587999999523,0.023927502655453733,1.0,4.470499581508207,4.383613817565247,3.6910991123325014,4.693520140105079
Colombia,2017,Venezuela,174.332,Spain,361.638,7.9271883862775,3.371260737755973,4.217587999999523,0.023927502655453733,1.0,4.470499581508207,4.383613817565247,3.6910991123325014,4.693520140105079
Colombia,2014,Argentina,118.368,Panama,416.29,44.29396888187088,3.209039627381099,4.9748246849832505,2.1576182136602453,2.2765,4.132414782424454,4.474178226376762,3.5850260208952207,4.693520140105079
Colombia,2015,Argentina,125.558,Panama,406.628,44.29396888187088,3.209039627381099,4.9748246849832505,2.1576182136602453,2.2765,4.132414782424454,4.474178226376762,3.5850260208952207,4.693520140105079
Colombia,2016,Argentina,135.157,Panama,408.681,44.29396888187088,3.371260737755973,4.217587999999523,0.023927502655453733,1.0,4.470499581508207,4.383613817565247,3.6910991123325014,4.693520140105079
Colombia,2017,Argentina,185.891,Panama,424.053,44.29396888187088,3.371260737755973,4.217587999999523,0.023927502655453733,1.0,4.470499581508207,4.383613817565247,3.6910991123325014,4.693520140105079
Colombia,2014,Brazil,124.779,Ecuador,347.55,29.22617965309857,3.209039627381099,4.9748246849832505,2.1576182136602453,2.2765,4.132414782424454,4.474178226376762,3.5850260208952207,4.693520140105079
Colombia,2015,Brazil,138.078,Ecuador,319.991,29.22617965309857,3.209039627381099,4.9748246849832505,2.1576182136602453,2.2765,4.132414782424454,4.474178226376762,3.5850260208952207,4.693520140105079
Colombia,2016,Brazil,181.861,Ecuador,286.428,29.22617965309857,3.371260737755973,4.217587999999523,0.023927502655453733,1.0,4.470499581508207,4.383613817565247,3.6910991123325014,4.693520140105079
Colombia,2017,Brazil,209.138,Ecuador,300.54,29.22617965309857,3.371260737755973,4.217587999999523,0.023927502655453733,1.0,4.470499581508207,4.383613817565247,3.6910991123325014,4.693520140105079
Colombia,2014,Ecuador,347.55,Venezuela,522.562,7.48922809111714,3.209039627381099,4.9748246849832505,2.1576182136602453,2.2765,4.132414782424454,4.474178226376762,3.5850260208952207,4.693520140105079
Colombia,2015,Ecuador,319.991,Venezuela,371.521,7.48922809111714,3.209039627381099,4.9748246849832505,2.1576182136602453,2.2765,4.132414782424454,4.474178226376762,3.5850260208952207,4.693520140105079
Colombia,2016,Ecuador,286.428,Venezuela,109.593,7.48922809111714,3.371260737755973,4.217587999999523,0.023927502655453733,1.0,4.470499581508207,4.383613817565247,3.6910991123325014,4.693520140105079
Colombia,2017,Ecuador,300.54,Venezuela,174.332,7.48922809111714,3.371260737755973,4.217587999999523,0.023927502655453733,1.0,4.470499581508207,4.383613817565247,3.6910991123325014,4.693520140105079
Costa Rica,2014,United States,0.0,Central America,0.0,29.842531706252707,1.6839684213484016,6.076979114923963,0.5954465849387041,7.0,5.091319089549433,4.398491018647565,5.273072999713733,1.8914185639229422
Costa Rica,2015,United States,229.638,Central America,449.046,29.842531706252707,1.6839684213484016,6.076979114923963,0.5954465849387041,7.0,5.091319089549433,4.398491018647565,5.273072999713733,1.8914185639229422
Costa Rica,2016,United States,278.666,Central America,464.245,29.842531706252707,1.7479624737279675,5.366992934627236,0.08253212173491285,7.0,5.434802400082676,4.33880380823338,5.326319219782295,1.9614711033274956
Costa Rica,2017,United States,253.502,Central America,587.995,29.842531706252707,1.7479624737279675,5.366992934627236,0.08253212173491285,7.0,5.434802400082676,4.33880380823338,5.326319219782295,1.9614711033274956
Costa Rica,2014,Canada,172.73,United States,0.0,51.591646215790114,1.6839684213484016,6.076979114923963,0.5954465849387041,7.0,5.091319089549433,4.398491018647565,5.273072999713733,1.8914185639229422
Costa Rica,2015,Canada,175.771,United States,229.638,51.591646215790114,1.6839684213484016,6.076979114923963,0.5954465849387041,7.0,5.091319089549433,4.398491018647565,5.273072999713733,1.8914185639229422
Costa Rica,2016,Canada,188.104,United States,278.666,51.591646215790114,1.7479624737279675,5.366992934627236,0.08253212173491285,7.0,5.434802400082676,4.33880380823338,5.326319219782295,1.9614711033274956
Costa Rica,2017,Canada,201.921,United States,253.502,51.591646215790114,1.7479624737279675,5.366992934627236,0.08253212173491285,7.0,5.434802400082676,4.33880380823338,5.326319219782295,1.9614711033274956
Croatia,2014,Germany,308.0,Bosnia and Herzegovina,523.0,7.70328583373076,2.665695262958259,5.805416774973477,0.0840630472854641,6.9785,3.7976300718368377,4.284863003801394,6.34809086920392,1.6112084063047285
Croatia,2015,Germany,261.0,Bosnia and Herzegovina,404.0,7.70328583373076,2.665695262958259,5.805416774973477,0.0840630472854641,6.9785,3.7976300718368377,4.284863003801394,6.34809086920392,1.6112084063047285
Croatia,2016,Germany,278.0,Bosnia and Herzegovina,283.0,7.70328583373076,2.766214259585217,5.236226873686819,0.07935416017572165,6.9811449627337225,4.495361118798348,4.447005420461895,6.259391795889975,1.681260945709282
Croatia,2017,Germany,211.0,Bosnia and Herzegovina,325.0,7.70328583373076,2.766214259585217,5.236226873686819,0.07935416017572165,6.9811449627337225,4.495361118798348,4.447005420461895,6.259391795889975,1.681260945709282
Croatia,2014,Austria,304.0,Germany,308.0,2.5021148356030705,2.665695262958259,5.805416774973477,0.0840630472854641,6.9785,3.7976300718368377,4.284863003801394,6.34809086920392,1.6112084063047285
Croatia,2015,Austria,258.0,Germany,261.0,2.5021148356030705,2.665695262958259,5.805416774973477,0.0840630472854641,6.9785,3.7976300718368377,4.284863003801394,6.34809086920392,1.6112084063047285
Croatia,2016,Austria,169.0,Germany,278.0,2.5021148356030705,2.766214259585217,5.236226873686819,0.07935416017572165,6.9811449627337225,4.495361118798348,4.447005420461895,6.259391795889975,1.681260945709282
Croatia,2017,Austria,213.0,Germany,211.0,2.5021148356030705,2.766214259585217,5.236226873686819,0.07935416017572165,6.9811449627337225,4.495361118798348,4.447005420461895,6.259391795889975,1.681260945709282
Croatia,2014,Slovenia,314.0,Italy,257.0,1.0709542588037988,2.665695262958259,5.805416774973477,0.0840630472854641,6.9785,3.7976300718368377,4.284863003801394,6.34809086920392,1.6112084063047285
Croatia,2015,Slovenia,183.0,Italy,452.0,1.0709542588037988,2.665695262958259,5.805416774973477,0.0840630472854641,6.9785,3.7976300718368377,4.284863003801394,6.34809086920392,1.6112084063047285
Croatia,2016,Slovenia,144.0,Italy,203.0,1.0709542588037988,2.766214259585217,5.236226873686819,0.07935416017572165,6.9811449627337225,4.495361118798348,4.447005420461895,6.259391795889975,1.681260945709282
Croatia,2017,Slovenia,165.0,Italy,210.0,1.0709542588037988,2.766214259585217,5.236226873686819,0.07935416017572165,6.9811449627337225,4.495361118798348,4.447005420461895,6.259391795889975,1.681260945709282
Croatia,2014,Italy,257.0,Slovenia,314.0,4.165460290051988,2.665695262958259,5.805416774973477,0.0840630472854641,6.9785,3.7976300718368377,4.284863003801394,6.34809086920392,1.6112084063047285
Croatia,2015,Italy,452.0,Slovenia,183.0,4.165460290051988,2.665695262958259,5.805416774973477,0.0840630472854641,6.9785,3.7976300718368377,4.284863003801394,6.34809086920392,1.6112084063047285
Croatia,2016,Italy,203.0,Slovenia,144.0,4.165460290051988,2.766214259585217,5.236226873686819,0.07935416017572165,6.9811449627337225,4.495361118798348,4.447005420461895,6.259391795889975,1.681260945709282
Croatia,2017,Italy,210.0,Slovenia,165.0,4.165460290051988,2.766214259585217,5.236226873686819,0.07935416017572165,6.9811449627337225,4.495361118798348,4.447005420461895,6.259391795889975,1.681260945709282
Croatia,2014,Czech Republic,661.486,Austria,304.0,4.725382420874315,2.665695262958259,5.805416774973477,0.0840630472854641,6.9785,3.7976300718368377,4.284863003801394,6.34809086920392,1.6112084063047285
Croatia,2015,Czech Republic,696.151,Austria,258.0,4.725382420874315,2.665695262958259,5.805416774973477,0.0840630472854641,6.9785,3.7976300718368377,4.284863003801394,6.34809086920392,1.6112084063047285
Croatia,2016,Czech Republic,688.953,Austria,169.0,4.725382420874315,2.766214259585217,5.236226873686819,0.07935416017572165,6.9811449627337225,4.495361118798348,4.447005420461895,6.259391795889975,1.681260945709282
Croatia,2017,Czech Republic,741.757,Austria,213.0,4.725382420874315,2.766214259585217,5.236226873686819,0.07935416017572165,6.9811449627337225,4.495361118798348,4.447005420461895,6.259391795889975,1.681260945709282
Estonia,2014,Finland,576.0,Finland,576.0,3.4089173234591628,1.5452324251947294,5.635610319509332,0.3502626970227671,6.9885,2.692230258342647,4.622967488028263,5.866950815508915,1.6112084063047285
Estonia,2015,Finland,565.753,Finland,565.753,3.4089173234591628,1.5452324251947294,5.635610319509332,0.3502626970227671,6.9885,2.692230258342647,4.622967488028263,5.866950815508915,1.6112084063047285
Estonia,2016,Finland,574.411,Finland,574.411,3.4089173234591628,1.5859222539352373,4.863185037192652,0.07913322568900223,6.984143763213531,2.445405960508237,5.069570666977967,5.458332823465675,1.681260945709282
Estonia,2017,Finland,561.124,Finland,561.124,3.4089173234591628,1.5859222539352373,4.863185037192652,0.07913322568900223,6.984143763213531,2.445405960508237,5.069570666977967,5.458332823465675,1.681260945709282
Estonia,2014,Latvia,247.0,Russian Federation,233.0,1.7640445715721027,1.5452324251947294,5.635610319509332,0.3502626970227671,6.9885,2.692230258342647,4.622967488028263,5.866950815508915,1.6112084063047285
Estonia,2015,Latvia,357.959,Russian Federation,213.538,1.7640445715721027,1.5452324251947294,5.635610319509332,0.3502626970227671,6.9885,2.692230258342647,4.622967488028263,5.866950815508915,1.6112084063047285
Estonia,2016,Latvia,347.311,Russian Federation,218.808,1.7640445715721027,1.5859222539352373,4.863185037192652,0.07913322568900223,6.984143763213531,2.445405960508237,5.069570666977967,5.458332823465675,1.681260945709282
Estonia,2017,Latvia,351.436,Russian Federation,219.689,1.7640445715721027,1.5859222539352373,4.863185037192652,0.07913322568900223,6.984143763213531,2.445405960508237,5.069570666977967,5.458332823465675,1.681260945709282
Estonia,2014,Germany,139.0,Sweden,164.0,16.347870714136505,1.5452324251947294,5.635610319509332,0.3502626970227671,6.9885,2.692230258342647,4.622967488028263,5.866950815508915,1.6112084063047285
Estonia,2015,Germany,222.834,Sweden,217.123,16.347870714136505,1.5452324251947294,5.635610319509332,0.3502626970227671,6.9885,2.692230258342647,4.622967488028263,5.866950815508915,1.6112084063047285
Estonia,2016,Germany,220.919,Sweden,236.623,16.347870714136505,1.5859222539352373,4.863185037192652,0.07913322568900223,6.984143763213531,2.445405960508237,5.069570666977967,5.458332823465675,1.681260945709282
Estonia,2017,Germany,230.093,Sweden,240.447,16.347870714136505,1.5859222539352373,4.863185037192652,0.07913322568900223,6.984143763213531,2.445405960508237,5.069570666977967,5.458332823465675,1.681260945709282
Estonia,2014,Sweden,164.0,Germany,139.0,6.551946209910227,1.5452324251947294,5.635610319509332,0.3502626970227671,6.9885,2.692230258342647,4.622967488028263,5.866950815508915,1.6112084063047285
Estonia,2015,Sweden,217.123,Germany,222.834,6.551946209910227,1.5452324251947294,5.635610319509332,0.3502626970227671,6.9885,2.692230258342647,4.622967488028263,5.866950815508915,1.6112084063047285
Estonia,2016,Sweden,236.623,Germany,220.919,6.551946209910227,1.5859222539352373,4.863185037192652,0.07913322568900223,6.984143763213531,2.445405960508237,5.069570666977967,5.458332823465675,1.681260945709282
Estonia,2017,Sweden,240.447,Germany,230.093,6.551946209910227,1.5859222539352373,4.863185037192652,0.07913322568900223,6.984143763213531,2.445405960508237,5.069570666977967,5.458332823465675,1.681260945709282
Finland,2014,Germany,420.0,Estonia,2010.0,18.701077930701906,2.129964536064776,4.999942573718399,0.11208406304728546,7.0,3.157859379842931,3.711662234925809,5.018859597422159,1.6112084063047285
Finland,2015,Germany,540.0,Estonia,2090.0,18.701077930701906,2.129964536064776,4.999942573718399,0.11208406304728546,7.0,3.157859379842931,3.711662234925809,5.018859597422159,1.6112084063047285
Finland,2016,Germany,470.0,Estonia,2170.0,18.701077930701906,2.092972728772231,4.54345252145197,0.07544867327715746,6.925648133981079,2.878251962561527,4.258519276912602,4.675327875503704,1.681260945709282
Finland,2017,Germany,530.0,Estonia,2070.0,18.701077930701906,2.092972728772231,4.54345252145197,0.07544867327715746,6.925648133981079,2.878251962561527,4.258519276912602,4.675327875503704,1.681260945709282
Finland,2014,United Kingdom,180.562,Spain,790.0,29.909262479687744,2.129964536064776,4.999942573718399,0.11208406304728546,7.0,3.157859379842931,3.711662234925809,5.018859597422159,1.6112084063047285
Finland,2015,United Kingdom,189.928,Spain,700.0,29.909262479687744,2.129964536064776,4.999942573718399,0.11208406304728546,7.0,3.157859379842931,3.711662234925809,5.018859597422159,1.6112084063047285
Finland,2016,United Kingdom,199.738,Spain,830.0,29.909262479687744,2.092972728772231,4.54345252145197,0.07544867327715746,6.925648133981079,2.878251962561527,4.258519276912602,4.675327875503704,1.681260945709282
Finland,2017,United Kingdom,229.083,Spain,820.0,29.909262479687744,2.092972728772231,4.54345252145197,0.07544867327715746,6.925648133981079,2.878251962561527,4.258519276912602,4.675327875503704,1.681260945709282
Finland,2014,China,85.388,Germany,420.0,82.66330325475154,2.129964536064776,4.999942573718399,0.11208406304728546,7.0,3.157859379842931,3.711662234925809,5.018859597422159,1.6112084063047285
Finland,2015,China,121.208,Germany,540.0,82.66330325475154,2.129964536064776,4.999942573718399,0.11208406304728546,7.0,3.157859379842931,3.711662234925809,5.018859597422159,1.6112084063047285
Finland,2016,China,158.239,Germany,470.0,82.66330325475154,2.092972728772231,4.54345252145197,0.07544867327715746,6.925648133981079,2.878251962561527,4.258519276912602,4.675327875503704,1.681260945709282
Finland,2017,China,209.568,Germany,530.0,82.66330325475154,2.092972728772231,4.54345252145197,0.07544867327715746,6.925648133981079,2.878251962561527,4.258519276912602,4.675327875503704,1.681260945709282
Finland,2014,United States,93.469,Russian Federation,310.0,123.97381103645505,2.129964536064776,4.999942573718399,0.11208406304728546,7.0,3.157859379842931,3.711662234925809,5.018859597422159,1.6112084063047285
Finland,2015,United States,95.319,Russian Federation,310.0,123.97381103645505,2.129964536064776,4.999942573718399,0.11208406304728546,7.0,3.157859379842931,3.711662234925809,5.018859597422159,1.6112084063047285
Finland,2016,United States,107.823,Russian Federation,390.0,123.97381103645505,2.092972728772231,4.54345252145197,0.07544867327715746,6.925648133981079,2.878251962561527,4.258519276912602,4.675327875503704,1.681260945709282
Finland,2017,United States,125.726,Russian Federation,340.0,123.97381103645505,2.092972728772231,4.54345252145197,0.07544867327715746,6.925648133981079,2.878251962561527,4.258519276912602,4.675327875503704,1.681260945709282
France,2014,United Kingdom,11750.812,Spain,4182.23391,10.7540418795843,6.562053571428572,5.8453573955977,0.07005253940455342,6.1525,4.795840421214264,2.9524336071520305,6.148040647252612,1.6112084063047285
France,2015,United Kingdom,12235.713,Spain,4430.195456,10.7540418795843,6.562053571428572,5.8453573955977,0.07005253940455342,6.1525,4.795840421214264,2.9524336071520305,6.148040647252612,1.6112084063047285
France,2016,United Kingdom,12019.067,Spain,4205.934918999999,10.7540418795843,6.746875,5.459892781575521,0.08971535777134243,5.485865696004893,4.767001437802465,4.115932657043541,5.702374039544968,1.681260945709282
France,2017,United Kingdom,12697.58,Spain,4428.815576,10.7540418795843,6.746875,5.459892781575521,0.08971535777134243,5.485865696004893,4.767001437802465,4.115932657043541,5.702374039544968,1.681260945709282
France,2014,Germany,12908.576,Italy,2948.492874,9.604443624309429,6.562053571428572,5.8453573955977,0.07005253940455342,6.1525,4.795840421214264,2.9524336071520305,6.148040647252612,1.6112084063047285
France,2015,Germany,11477.642,Italy,3174.681915,9.604443624309429,6.562053571428572,5.8453573955977,0.07005253940455342,6.1525,4.795840421214264,2.9524336071520305,6.148040647252612,1.6112084063047285
France,2016,Germany,11753.13,Italy,3027.309554,9.604443624309429,6.746875,5.459892781575521,0.08971535777134243,5.485865696004893,4.767001437802465,4.115932657043541,5.702374039544968,1.681260945709282
France,2017,Germany,12256.164,Italy,3192.24816,9.604443624309429,6.746875,5.459892781575521,0.08971535777134243,5.485865696004893,4.767001437802465,4.115932657043541,5.702374039544968,1.681260945709282
France,2014,Belgium,1824.457365,Great Britain,1964.500869,4.834944186748178,6.562053571428572,5.8453573955977,0.07005253940455342,6.1525,4.795840421214264,2.9524336071520305,6.148040647252612,1.6112084063047285
France,2015,Belgium,1822.268478,Great Britain,1668.035751,4.834944186748178,6.562053571428572,5.8453573955977,0.07005253940455342,6.1525,4.795840421214264,2.9524336071520305,6.148040647252612,1.6112084063047285
France,2016,Belgium,1613.1448870000002,Great Britain,1813.451262,4.834944186748178,6.746875,5.459892781575521,0.08971535777134243,5.485865696004893,4.767001437802465,4.115932657043541,5.702374039544968,1.681260945709282
France,2017,Belgium,1659.780544,Great Britain,1988.930449,4.834944186748178,6.746875,5.459892781575521,0.08971535777134243,5.485865696004893,4.767001437802465,4.115932657043541,5.702374039544968,1.681260945709282
France,2014,Italy,2948.492874,Belgium,1824.457365,11.23253221457054,6.562053571428572,5.8453573955977,0.07005253940455342,6.1525,4.795840421214264,2.9524336071520305,6.148040647252612,1.6112084063047285
France,2015,Italy,3174.681915,Belgium,1822.268478,11.23253221457054,6.562053571428572,5.8453573955977,0.07005253940455342,6.1525,4.795840421214264,2.9524336071520305,6.148040647252612,1.6112084063047285
France,2016,Italy,3027.309554,Belgium,1613.1448870000002,11.23253221457054,6.746875,5.459892781575521,0.08971535777134243,5.485865696004893,4.767001437802465,4.115932657043541,5.702374039544968,1.681260945709282
France,2017,Italy,3192.24816,Belgium,1659.780544,11.23253221457054,6.746875,5.459892781575521,0.08971535777134243,5.485865696004893,4.767001437802465,4.115932657043541,5.702374039544968,1.681260945709282
France,2014,Switzerland,6480.475,Portugal,1139.737685,6.042689361755163,6.562053571428572,5.8453573955977,0.07005253940455342,6.1525,4.795840421214264,2.9524336071520305,6.148040647252612,1.6112084063047285
France,2015,Switzerland,6010.089,Portugal,1243.114774,6.042689361755163,6.562053571428572,5.8453573955977,0.07005253940455342,6.1525,4.795840421214264,2.9524336071520305,6.148040647252612,1.6112084063047285
France,2016,Switzerland,6352.645,Portugal,1397.158856,6.042689361755163,6.746875,5.459892781575521,0.08971535777134243,5.485865696004893,4.767001437802465,4.115932657043541,5.702374039544968,1.681260945709282
France,2017,Switzerland,7013.236,Portugal,1554.832457,6.042689361755163,6.746875,5.459892781575521,0.08971535777134243,5.485865696004893,4.767001437802465,4.115932657043541,5.702374039544968,1.681260945709282
Germany,2014,Netherlands,0.0,Austria,10574.871,5.250072389878446,6.000209365288354,4.6739357575079366,0.05604203152364273,6.8740000000000006,4.4090741842124075,3.621122012278671,5.614466706559389,1.6112084063047285
Germany,2015,Netherlands,4839.178,Austria,10544.493,5.250072389878446,6.000209365288354,4.6739357575079366,0.05604203152364273,6.8740000000000006,4.4090741842124075,3.621122012278671,5.614466706559389,1.6112084063047285
Germany,2016,Netherlands,6763.021,Austria,11379.674,5.250072389878446,6.281440329810865,4.635059853394827,0.09043806978580061,6.329596913877154,3.9761845639572577,4.166030332025961,6.002298664490257,1.681260945709282
Germany,2017,Netherlands,5672.86,Austria,11274.997,5.250072389878446,6.281440329810865,4.635059853394827,0.09043806978580061,6.329596913877154,3.9761845639572577,4.166030332025961,6.002298664490257,1.681260945709282
Germany,2014,Switzerland,2757.996,Italy,9485.428,4.883341131561979,6.000209365288354,4.6739357575079366,0.05604203152364273,6.8740000000000006,4.4090741842124075,3.621122012278671,5.614466706559389,1.6112084063047285
Germany,2015,Switzerland,3007.543,Italy,10645.721,4.883341131561979,6.000209365288354,4.6739357575079366,0.05604203152364273,6.8740000000000006,4.4090741842124075,3.621122012278671,5.614466706559389,1.6112084063047285
Germany,2016,Switzerland,3096.12,Italy,11548.473,4.883341131561979,6.281440329810865,4.635059853394827,0.09043806978580061,6.329596913877154,3.9761845639572577,4.166030332025961,6.002298664490257,1.681260945709282
Germany,2017,Switzerland,3166.774,Italy,10972.666,4.883341131561979,6.281440329810865,4.635059853394827,0.09043806978580061,6.329596913877154,3.9761845639572577,4.166030332025961,6.002298664490257,1.681260945709282
Germany,2014,United States,2364.563,Spain,9143.204,107.0934253715105,6.000209365288354,4.6739357575079366,0.05604203152364273,6.8740000000000006,4.4090741842124075,3.621122012278671,5.614466706559389,1.6112084063047285
Germany,2015,United States,2528.066,Spain,10242.453,107.0934253715105,6.000209365288354,4.6739357575079366,0.05604203152364273,6.8740000000000006,4.4090741842124075,3.621122012278671,5.614466706559389,1.6112084063047285
Germany,2016,United States,2552.66,Spain,10392.755,107.0934253715105,6.281440329810865,4.635059853394827,0.09043806978580061,6.329596913877154,3.9761845639572577,4.166030332025961,6.002298664490257,1.681260945709282
Germany,2017,United States,2802.688,Spain,11092.772,107.0934253715105,6.281440329810865,4.635059853394827,0.09043806978580061,6.329596913877154,3.9761845639572577,4.166030332025961,6.002298664490257,1.681260945709282
Germany,2014,United Kingdom,2409.966,Netherlands,0.0,14.512291522864368,6.000209365288354,4.6739357575079366,0.05604203152364273,6.8740000000000006,4.4090741842124075,3.621122012278671,5.614466706559389,1.6112084063047285
Germany,2015,United Kingdom,2553.812,Netherlands,4839.178,14.512291522864368,6.000209365288354,4.6739357575079366,0.05604203152364273,6.8740000000000006,4.4090741842124075,3.621122012278671,5.614466706559389,1.6112084063047285
Germany,2016,United Kingdom,2545.455,Netherlands,6763.021,14.512291522864368,6.281440329810865,4.635059853394827,0.09043806978580061,6.329596913877154,3.9761845639572577,4.166030332025961,6.002298664490257,1.681260945709282
Germany,2017,United Kingdom,2595.745,Netherlands,5672.86,14.512291522864368,6.281440329810865,4.635059853394827,0.09043806978580061,6.329596913877154,3.9761845639572577,4.166030332025961,6.002298664490257,1.681260945709282
Germany,2014,Italy,9485.428,France,5472.093,9.531560512283233,6.000209365288354,4.6739357575079366,0.05604203152364273,6.8740000000000006,4.4090741842124075,3.621122012278671,5.614466706559389,1.6112084063047285
Germany,2015,Italy,10645.721,France,4837.612,9.531560512283233,6.000209365288354,4.6739357575079366,0.05604203152364273,6.8740000000000006,4.4090741842124075,3.621122012278671,5.614466706559389,1.6112084063047285
Germany,2016,Italy,11548.473,France,5158.745,9.531560512283233,6.281440329810865,4.635059853394827,0.09043806978580061,6.329596913877154,3.9761845639572577,4.166030332025961,6.002298664490257,1.681260945709282
Germany,2017,Italy,10972.666,France,6231.466,9.531560512283233,6.281440329810865,4.635059853394827,0.09043806978580061,6.329596913877154,3.9761845639572577,4.166030332025961,6.002298664490257,1.681260945709282
Greece,2014,Germany,468.852,Bulgaria,750.622,16.59952476853133,2.817356733846105,6.130841444203325,0.1190893169877408,6.1145,3.4921507402512644,3.927290683595428,6.079819669491687,1.6112084063047285
Greece,2015,Germany,399.964,Bulgaria,1109.063,16.59952476853133,2.817356733846105,6.130841444203325,0.1190893169877408,6.1145,3.4921507402512644,3.927290683595428,6.079819669491687,1.6112084063047285
Greece,2016,Germany,443.904,Bulgaria,1556.803,16.59952476853133,3.077290548805371,5.481611689835965,0.07959236389324044,6.079926169067255,4.056809333872975,4.655842046996744,5.695478819509741,1.681260945709282
Greece,2017,Germany,420.761,Bulgaria,2186.156,16.59952476853133,3.077290548805371,5.481611689835965,0.07959236389324044,6.079926169067255,4.056809333872975,4.655842046996744,5.695478819509741,1.681260945709282
Greece,2014,Bulgaria,750.622,Former Yugoslav Republic of Macedonia,1800.248,5.176865380705684,2.817356733846105,6.130841444203325,0.1190893169877408,6.1145,3.4921507402512644,3.927290683595428,6.079819669491687,1.6112084063047285
Greece,2015,Bulgaria,1109.063,Former Yugoslav Republic of Macedonia,1979.124,5.176865380705684,2.817356733846105,6.130841444203325,0.1190893169877408,6.1145,3.4921507402512644,3.927290683595428,6.079819669491687,1.6112084063047285
Greece,2016,Bulgaria,1556.803,Former Yugoslav Republic of Macedonia,1922.725,5.176865380705684,3.077290548805371,5.481611689835965,0.07959236389324044,6.079926169067255,4.056809333872975,4.655842046996744,5.695478819509741,1.681260945709282
Greece,2017,Bulgaria,2186.156,Former Yugoslav Republic of Macedonia,1786.857,5.176865380705684,3.077290548805371,5.481611689835965,0.07959236389324044,6.079926169067255,4.056809333872975,4.655842046996744,5.695478819509741,1.681260945709282
Greece,2014,United Kingdom,2089.529,Turkey,715.603,30.064884746991364,2.817356733846105,6.130841444203325,0.1190893169877408,6.1145,3.4921507402512644,3.927290683595428,6.079819669491687,1.6112084063047285
Greece,2015,United Kingdom,2397.169,Turkey,652.15,30.064884746991364,2.817356733846105,6.130841444203325,0.1190893169877408,6.1145,3.4921507402512644,3.927290683595428,6.079819669491687,1.6112084063047285
Greece,2016,United Kingdom,2894.655,Turkey,802.687,30.064884746991364,3.077290548805371,5.481611689835965,0.07959236389324044,6.079926169067255,4.056809333872975,4.655842046996744,5.695478819509741,1.681260945709282
Greece,2017,United Kingdom,3002.042,Turkey,809.888,30.064884746991364,3.077290548805371,5.481611689835965,0.07959236389324044,6.079926169067255,4.056809333872975,4.655842046996744,5.695478819509741,1.681260945709282
Greece,2014,Italy,291.976,Germany,468.852,9.670475396610449,2.817356733846105,6.130841444203325,0.1190893169877408,6.1145,3.4921507402512644,3.927290683595428,6.079819669491687,1.6112084063047285
Greece,2015,Italy,297.234,Germany,399.964,9.670475396610449,2.817356733846105,6.130841444203325,0.1190893169877408,6.1145,3.4921507402512644,3.927290683595428,6.079819669491687,1.6112084063047285
Greece,2016,Italy,363.858,Germany,443.904,9.670475396610449,3.077290548805371,5.481611689835965,0.07959236389324044,6.079926169067255,4.056809333872975,4.655842046996744,5.695478819509741,1.681260945709282
Greece,2017,Italy,350.823,Germany,420.761,9.670475396610449,3.077290548805371,5.481611689835965,0.07959236389324044,6.079926169067255,4.056809333872975,4.655842046996744,5.695478819509741,1.681260945709282
Greece,2014,France,1463.159,Italy,291.976,20.874523753654092,2.817356733846105,6.130841444203325,0.1190893169877408,6.1145,3.4921507402512644,3.927290683595428,6.079819669491687,1.6112084063047285
Greece,2015,France,1522.1,Italy,297.234,20.874523753654092,2.817356733846105,6.130841444203325,0.1190893169877408,6.1145,3.4921507402512644,3.927290683595428,6.079819669491687,1.6112084063047285
Greece,2016,France,1313.536,Italy,363.858,20.874523753654092,3.077290548805371,5.481611689835965,0.07959236389324044,6.079926169067255,4.056809333872975,4.655842046996744,5.695478819509741,1.681260945709282
Greece,2017,France,1419.799,Italy,350.823,20.874523753654092,3.077290548805371,5.481611689835965,0.07959236389324044,6.079926169067255,4.056809333872975,4.655842046996744,5.695478819509741,1.681260945709282
Hungary,2014,Germany,686.0,Germany,686.0,9.897488124877595,2.2195301123470514,5.315852477383961,0.09106830122591944,7.0,2.7180897530563124,4.596306752622302,5.024163896322754,1.6112084063047285
Hungary,2015,Germany,812.0,Germany,812.0,9.897488124877595,2.2195301123470514,5.315852477383961,0.09106830122591944,7.0,2.7180897530563124,4.596306752622302,5.024163896322754,1.6112084063047285
Hungary,2016,Germany,956.0,Germany,956.0,9.897488124877595,2.2665072357520955,4.660065705366809,0.10130456670660669,6.984143763213531,2.6119502317854573,4.658921782906906,4.437981315334616,1.681260945709282
Hungary,2017,Germany,1007.0,Germany,1007.0,9.897488124877595,2.2665072357520955,4.660065705366809,0.10130456670660669,6.984143763213531,2.6119502317854573,4.658921782906906,4.437981315334616,1.681260945709282
Hungary,2014,Romania,437.0,Slovak Republic,476.0,5.597867846673857,2.2195301123470514,5.315852477383961,0.09106830122591944,7.0,2.7180897530563124,4.596306752622302,5.024163896322754,1.6112084063047285
Hungary,2015,Romania,619.0,Slovak Republic,642.0,5.597867846673857,2.2195301123470514,5.315852477383961,0.09106830122591944,7.0,2.7180897530563124,4.596306752622302,5.024163896322754,1.6112084063047285
Hungary,2016,Romania,793.0,Slovak Republic,674.0,5.597867846673857,2.2665072357520955,4.660065705366809,0.10130456670660669,6.984143763213531,2.6119502317854573,4.658921782906906,4.437981315334616,1.681260945709282
Hungary,2017,Romania,705.0,Slovak Republic,769.0,5.597867846673857,2.2665072357520955,4.660065705366809,0.10130456670660669,6.984143763213531,2.6119502317854573,4.658921782906906,4.437981315334616,1.681260945709282
Hungary,2014,Austria,741.0,Austria,741.0,4.965847068828539,2.2195301123470514,5.315852477383961,0.09106830122591944,7.0,2.7180897530563124,4.596306752622302,5.024163896322754,1.6112084063047285
Hungary,2015,Austria,818.0,Austria,818.0,4.965847068828539,2.2195301123470514,5.315852477383961,0.09106830122591944,7.0,2.7180897530563124,4.596306752622302,5.024163896322754,1.6112084063047285
Hungary,2016,Austria,848.0,Austria,848.0,4.965847068828539,2.2665072357520955,4.660065705366809,0.10130456670660669,6.984143763213531,2.6119502317854573,4.658921782906906,4.437981315334616,1.681260945709282
Hungary,2017,Austria,897.0,Austria,897.0,4.965847068828539,2.2665072357520955,4.660065705366809,0.10130456670660669,6.984143763213531,2.6119502317854573,4.658921782906906,4.437981315334616,1.681260945709282
Hungary,2014,Czech Republic,522.0,Czech Republic,522.0,4.826248130480653,2.2195301123470514,5.315852477383961,0.09106830122591944,7.0,2.7180897530563124,4.596306752622302,5.024163896322754,1.6112084063047285
Hungary,2015,Czech Republic,473.0,Czech Republic,473.0,4.826248130480653,2.2195301123470514,5.315852477383961,0.09106830122591944,7.0,2.7180897530563124,4.596306752622302,5.024163896322754,1.6112084063047285
Hungary,2016,Czech Republic,544.0,Czech Republic,544.0,4.826248130480653,2.2665072357520955,4.660065705366809,0.10130456670660669,6.984143763213531,2.6119502317854573,4.658921782906906,4.437981315334616,1.681260945709282
Hungary,2017,Czech Republic,572.0,Czech Republic,572.0,4.826248130480653,2.2665072357520955,4.660065705366809,0.10130456670660669,6.984143763213531,2.6119502317854573,4.658921782906906,4.437981315334616,1.681260945709282
Italy,2014,Germany,2286.653267,France,5411.058966,9.531560512283233,6.506029294054846,4.952796909478494,0.06304728546409807,6.7895,4.600719037420459,3.4909266399802203,6.661299109314635,1.541155866900175
Italy,2015,Germany,2281.269894,France,5769.2231090000005,9.531560512283233,6.506029294054846,4.952796909478494,0.06304728546409807,6.7895,4.600719037420459,3.4909266399802203,6.661299109314635,1.541155866900175
Italy,2016,Germany,2587.39155,France,5532.409331,9.531560512283233,6.462713263236452,4.6814545725432914,0.09438919731815439,6.825375346690076,4.782483885042732,3.880155816650725,5.962749639543837,1.681260945709282
Italy,2017,Germany,2768.985929,France,5525.259621,9.531560512283233,6.462713263236452,4.6814545725432914,0.09438919731815439,6.825375346690076,4.782483885042732,3.880155816650725,5.962749639543837,1.681260945709282
Italy,2014,France,5411.058966,Spain,2365.435335,11.23253221457054,6.506029294054846,4.952796909478494,0.06304728546409807,6.7895,4.600719037420459,3.4909266399802203,6.661299109314635,1.541155866900175
Italy,2015,France,5769.2231090000005,Spain,2526.0772620000002,11.23253221457054,6.506029294054846,4.952796909478494,0.06304728546409807,6.7895,4.600719037420459,3.4909266399802203,6.661299109314635,1.541155866900175
Italy,2016,France,5532.409331,Spain,2702.7584580000002,11.23253221457054,6.462713263236452,4.6814545725432914,0.09438919731815439,6.825375346690076,4.782483885042732,3.880155816650725,5.962749639543837,1.681260945709282
Italy,2017,France,5525.259621,Spain,3120.435612,11.23253221457054,6.462713263236452,4.6814545725432914,0.09438919731815439,6.825375346690076,4.782483885042732,3.880155816650725,5.962749639543837,1.681260945709282
Italy,2014,United Kingdom,1458.755923,Germany,2286.653267,20.940925041337835,6.506029294054846,4.952796909478494,0.06304728546409807,6.7895,4.600719037420459,3.4909266399802203,6.661299109314635,1.541155866900175
Italy,2015,United Kingdom,1525.5620560000002,Germany,2281.269894,20.940925041337835,6.506029294054846,4.952796909478494,0.06304728546409807,6.7895,4.600719037420459,3.4909266399802203,6.661299109314635,1.541155866900175
Italy,2016,United Kingdom,1777.000859,Germany,2587.39155,20.940925041337835,6.462713263236452,4.6814545725432914,0.09438919731815439,6.825375346690076,4.782483885042732,3.880155816650725,5.962749639543837,1.681260945709282
Italy,2017,United Kingdom,1738.793396,Germany,2768.985929,20.940925041337835,6.462713263236452,4.6814545725432914,0.09438919731815439,6.825375346690076,4.782483885042732,3.880155816650725,5.962749639543837,1.681260945709282
Italy,2014,Austria,1420.4036389999999,Austria,1420.4036389999999,5.982398219739718,6.506029294054846,4.952796909478494,0.06304728546409807,6.7895,4.600719037420459,3.4909266399802203,6.661299109314635,1.541155866900175
Italy,2015,Austria,1550.728466,Austria,1550.728466,5.982398219739718,6.506029294054846,4.952796909478494,0.06304728546409807,6.7895,4.600719037420459,3.4909266399802203,6.661299109314635,1.541155866900175
Italy,2016,Austria,2192.2707769999997,Austria,2192.2707769999997,5.982398219739718,6.462713263236452,4.6814545725432914,0.09438919731815439,6.825375346690076,4.782483885042732,3.880155816650725,5.962749639543837,1.681260945709282
Italy,2017,Austria,2219.120011,Austria,2219.120011,5.982398219739718,6.462713263236452,4.6814545725432914,0.09438919731815439,6.825375346690076,4.782483885042732,3.880155816650725,5.962749639543837,1.681260945709282
Italy,2014,United States,2960.747,United Kingdom,1458.755923,108.38580046631311,6.506029294054846,4.952796909478494,0.06304728546409807,6.7895,4.600719037420459,3.4909266399802203,6.661299109314635,1.541155866900175
Italy,2015,United States,3159.385,United Kingdom,1525.5620560000002,108.38580046631311,6.506029294054846,4.952796909478494,0.06304728546409807,6.7895,4.600719037420459,3.4909266399802203,6.661299109314635,1.541155866900175
Italy,2016,United States,2927.564,United Kingdom,1777.000859,108.38580046631311,6.462713263236452,4.6814545725432914,0.09438919731815439,6.825375346690076,4.782483885042732,3.880155816650725,5.962749639543837,1.681260945709282
Italy,2017,United States,3361.169,United Kingdom,1738.793396,108.38580046631311,6.462713263236452,4.6814545725432914,0.09438919731815439,6.825375346690076,4.782483885042732,3.880155816650725,5.962749639543837,1.681260945709282
Latvia,2014,Lithuania,133.856,Estonia,95.076,1.8563226018677372,1.3288232220055043,5.030402811268376,0.3292469352014011,7.0,2.5465787677499847,4.839332620219327,5.0778721288771544,1.6112084063047285
Latvia,2015,Lithuania,171.482,Estonia,168.417,1.8563226018677372,1.3288232220055043,5.030402811268376,0.3292469352014011,7.0,2.5465787677499847,4.839332620219327,5.0778721288771544,1.6112084063047285
Latvia,2016,Lithuania,212.525,Estonia,209.976,1.8563226018677372,1.4086738697953773,4.1505054858793695,0.08349597574529392,7.0,2.384743226213605,5.249153969744415,4.639109849674044,1.681260945709282
Latvia,2017,Lithuania,153.7,Estonia,173.381,1.8563226018677372,1.4086738697953773,4.1505054858793695,0.08349597574529392,7.0,2.384743226213605,5.249153969744415,4.639109849674044,1.681260945709282
Latvia,2014,Germany,94.904,Lithuania,133.856,15.261674931039023,1.3288232220055043,5.030402811268376,0.3292469352014011,7.0,2.5465787677499847,4.839332620219327,5.0778721288771544,1.6112084063047285
Latvia,2015,Germany,71.338,Lithuania,171.482,15.261674931039023,1.3288232220055043,5.030402811268376,0.3292469352014011,7.0,2.5465787677499847,4.839332620219327,5.0778721288771544,1.6112084063047285
Latvia,2016,Germany,84.006,Lithuania,212.525,15.261674931039023,1.4086738697953773,4.1505054858793695,0.08349597574529392,7.0,2.384743226213605,5.249153969744415,4.639109849674044,1.681260945709282
Latvia,2017,Germany,147.843,Lithuania,153.7,15.261674931039023,1.4086738697953773,4.1505054858793695,0.08349597574529392,7.0,2.384743226213605,5.249153969744415,4.639109849674044,1.681260945709282
Latvia,2014,Estonia,95.076,Sweden,86.209,1.7640445715721027,1.3288232220055043,5.030402811268376,0.3292469352014011,7.0,2.5465787677499847,4.839332620219327,5.0778721288771544,1.6112084063047285
Latvia,2015,Estonia,168.417,Sweden,74.923,1.7640445715721027,1.3288232220055043,5.030402811268376,0.3292469352014011,7.0,2.5465787677499847,4.839332620219327,5.0778721288771544,1.6112084063047285
Latvia,2016,Estonia,209.976,Sweden,64.831,1.7640445715721027,1.4086738697953773,4.1505054858793695,0.08349597574529392,7.0,2.384743226213605,5.249153969744415,4.639109849674044,1.681260945709282
Latvia,2017,Estonia,173.381,Sweden,79.646,1.7640445715721027,1.4086738697953773,4.1505054858793695,0.08349597574529392,7.0,2.384743226213605,5.249153969744415,4.639109849674044,1.681260945709282
Latvia,2014,Sweden,86.209,Germany,94.904,6.787547585838348,1.3288232220055043,5.030402811268376,0.3292469352014011,7.0,2.5465787677499847,4.839332620219327,5.0778721288771544,1.6112084063047285
Latvia,2015,Sweden,74.923,Germany,71.338,6.787547585838348,1.3288232220055043,5.030402811268376,0.3292469352014011,7.0,2.5465787677499847,4.839332620219327,5.0778721288771544,1.6112084063047285
Latvia,2016,Sweden,64.831,Germany,84.006,6.787547585838348,1.4086738697953773,4.1505054858793695,0.08349597574529392,7.0,2.384743226213605,5.249153969744415,4.639109849674044,1.681260945709282
Latvia,2017,Sweden,79.646,Germany,147.843,6.787547585838348,1.4086738697953773,4.1505054858793695,0.08349597574529392,7.0,2.384743226213605,5.249153969744415,4.639109849674044,1.681260945709282
Malta,2014,United Kingdom,91.821625,Italy,122.677978,26.366280678498168,1.4426693534766621,6.622911024369715,0.19614711033274954,7.0,2.217452133967101,4.224687539210958,5.607887000652353,1.6112084063047285
Malta,2015,United Kingdom,89.266383,Italy,136.64827499999998,26.366280678498168,1.4426693534766621,6.622911024369715,0.19614711033274954,7.0,2.217452133967101,4.224687539210958,5.607887000652353,1.6112084063047285
Malta,2016,United Kingdom,96.154106,Italy,165.55553400000002,26.366280678498168,1.4858831867177447,6.390133939577838,0.09073241438288071,6.984143763213531,3.084032973692414,4.439871989467461,5.496038915619562,1.681260945709282
Malta,2017,United Kingdom,105.812485,Italy,181.053413,26.366280678498168,1.4858831867177447,6.390133939577838,0.09073241438288071,6.984143763213531,3.084032973692414,4.439871989467461,5.496038915619562,1.681260945709282
Malta,2014,Italy,122.677978,United Kingdom,91.821625,6.2037585193519575,1.4426693534766621,6.622911024369715,0.19614711033274954,7.0,2.217452133967101,4.224687539210958,5.607887000652353,1.6112084063047285
Malta,2015,Italy,136.64827499999998,United Kingdom,89.266383,6.2037585193519575,1.4426693534766621,6.622911024369715,0.19614711033274954,7.0,2.217452133967101,4.224687539210958,5.607887000652353,1.6112084063047285
Malta,2016,Italy,165.55553400000002,United Kingdom,96.154106,6.2037585193519575,1.4858831867177447,6.390133939577838,0.09073241438288071,6.984143763213531,3.084032973692414,4.439871989467461,5.496038915619562,1.681260945709282
Malta,2017,Italy,181.053413,United Kingdom,105.812485,6.2037585193519575,1.4858831867177447,6.390133939577838,0.09073241438288071,6.984143763213531,3.084032973692414,4.439871989467461,5.496038915619562,1.681260945709282
Malta,2014,Germany,21.928717,Germany,21.928717,15.725610820891028,1.4426693534766621,6.622911024369715,0.19614711033274954,7.0,2.217452133967101,4.224687539210958,5.607887000652353,1.6112084063047285
Malta,2015,Germany,23.865519,Germany,23.865519,15.725610820891028,1.4426693534766621,6.622911024369715,0.19614711033274954,7.0,2.217452133967101,4.224687539210958,5.607887000652353,1.6112084063047285
Malta,2016,Germany,32.301953000000005,Germany,32.301953000000005,15.725610820891028,1.4858831867177447,6.390133939577838,0.09073241438288071,6.984143763213531,3.084032973692414,4.439871989467461,5.496038915619562,1.681260945709282
Malta,2017,Germany,38.431895,Germany,38.431895,15.725610820891028,1.4858831867177447,6.390133939577838,0.09073241438288071,6.984143763213531,3.084032973692414,4.439871989467461,5.496038915619562,1.681260945709282
Malta,2014,France,21.853342,Spain,17.895417000000002,15.930887188071257,1.4426693534766621,6.622911024369715,0.19614711033274954,7.0,2.217452133967101,4.224687539210958,5.607887000652353,1.6112084063047285
Malta,2015,France,20.945997,Spain,19.407859000000002,15.930887188071257,1.4426693534766621,6.622911024369715,0.19614711033274954,7.0,2.217452133967101,4.224687539210958,5.607887000652353,1.6112084063047285
Malta,2016,France,17.006282,Spain,23.066616000000003,15.930887188071257,1.4858831867177447,6.390133939577838,0.09073241438288071,6.984143763213531,3.084032973692414,4.439871989467461,5.496038915619562,1.681260945709282
Malta,2017,France,21.510166,Spain,27.905541,15.930887188071257,1.4858831867177447,6.390133939577838,0.09073241438288071,6.984143763213531,3.084032973692414,4.439871989467461,5.496038915619562,1.681260945709282
Malta,2014,Spain,17.895417000000002,France,21.853342,18.681238022511703,1.4426693534766621,6.622911024369715,0.19614711033274954,7.0,2.217452133967101,4.224687539210958,5.607887000652353,1.6112084063047285
Malta,2015,Spain,19.407859000000002,France,20.945997,18.681238022511703,1.4426693534766621,6.622911024369715,0.19614711033274954,7.0,2.217452133967101,4.224687539210958,5.607887000652353,1.6112084063047285
Malta,2016,Spain,23.066616000000003,France,17.006282,18.681238022511703,1.4858831867177447,6.390133939577838,0.09073241438288071,6.984143763213531,3.084032973692414,4.439871989467461,5.496038915619562,1.681260945709282
Malta,2017,Spain,27.905541,France,21.510166,18.681238022511703,1.4858831867177447,6.390133939577838,0.09073241438288071,6.984143763213531,3.084032973692414,4.439871989467461,5.496038915619562,1.681260945709282
Netherlands,2014,Germany,3377.0,Germany,3377.0,5.250072389878446,3.5108852923096148,4.9171047960014995,0.06304728546409807,6.98,3.193984477698146,3.560724676510793,4.618782222869813,1.6112084063047285
Netherlands,2015,Germany,3375.0,Germany,3375.0,5.250072389878446,3.5108852923096148,4.9171047960014995,0.06304728546409807,6.98,3.193984477698146,3.560724676510793,4.618782222869813,1.6112084063047285
Netherlands,2016,Germany,3519.0,Germany,3519.0,5.250072389878446,3.3646613766698414,4.699560424647753,0.09055719735994117,6.9762156448202965,2.247934493771569,4.126829571126099,4.856345832874228,1.681260945709282
Netherlands,2017,Germany,3782.0,Germany,3782.0,5.250072389878446,3.3646613766698414,4.699560424647753,0.09055719735994117,6.9762156448202965,2.247934493771569,4.126829571126099,4.856345832874228,1.681260945709282
Netherlands,2014,Belgium,1425.0,France,2606.0,1.8241152653864832,3.5108852923096148,4.9171047960014995,0.06304728546409807,6.98,3.193984477698146,3.560724676510793,4.618782222869813,1.6112084063047285
Netherlands,2015,Belgium,1430.0,France,2617.0,1.8241152653864832,3.5108852923096148,4.9171047960014995,0.06304728546409807,6.98,3.193984477698146,3.560724676510793,4.618782222869813,1.6112084063047285
Netherlands,2016,Belgium,1341.0,France,2550.0,1.8241152653864832,3.3646613766698414,4.699560424647753,0.09055719735994117,6.9762156448202965,2.247934493771569,4.126829571126099,4.856345832874228,1.681260945709282
Netherlands,2017,Belgium,1638.0,France,2802.0,1.8241152653864832,3.3646613766698414,4.699560424647753,0.09055719735994117,6.9762156448202965,2.247934493771569,4.126829571126099,4.856345832874228,1.681260945709282
Netherlands,2014,United Kingdom,1857.0,Spain,1856.0,9.311145931508378,3.5108852923096148,4.9171047960014995,0.06304728546409807,6.98,3.193984477698146,3.560724676510793,4.618782222869813,1.6112084063047285
Netherlands,2015,United Kingdom,1967.0,Spain,1969.0,9.311145931508378,3.5108852923096148,4.9171047960014995,0.06304728546409807,6.98,3.193984477698146,3.560724676510793,4.618782222869813,1.6112084063047285
Netherlands,2016,United Kingdom,2045.0,Spain,2177.0,9.311145931508378,3.3646613766698414,4.699560424647753,0.09055719735994117,6.9762156448202965,2.247934493771569,4.126829571126099,4.856345832874228,1.681260945709282
Netherlands,2017,United Kingdom,2229.0,Spain,2696.0,9.311145931508378,3.3646613766698414,4.699560424647753,0.09055719735994117,6.9762156448202965,2.247934493771569,4.126829571126099,4.856345832874228,1.681260945709282
New Zealand,2014,Australia,1091.22,Australia,1091.22,43.98042291168318,2.2680985519055,6.688822290515645,0.06304728546409807,7.0,4.14273665832286,3.7728143245314274,5.8657678640515165,1.6112084063047285
New Zealand,2015,Australia,1136.9,Australia,1136.9,43.98042291168318,2.2680985519055,6.688822290515645,0.06304728546409807,7.0,4.14273665832286,3.7728143245314274,5.8657678640515165,1.6112084063047285
New Zealand,2016,Australia,1176.14,Australia,1176.14,43.98042291168318,2.280443814042009,6.493848688462201,0.08613681516948177,6.9920718816067655,4.47992075982417,4.378550132649217,5.694116664047754,1.1208406304728546
New Zealand,2017,Australia,1221.76,Australia,1221.76,43.98042291168318,2.280443814042009,6.493848688462201,0.08613681516948177,6.9920718816067655,4.47992075982417,4.378550132649217,5.694116664047754,1.1208406304728546
New Zealand,2014,China,76.86,United States,164.76,104.3532232909198,2.2680985519055,6.688822290515645,0.06304728546409807,7.0,4.14273665832286,3.7728143245314274,5.8657678640515165,1.6112084063047285
New Zealand,2015,China,85.98,United States,176.98,104.3532232909198,2.2680985519055,6.688822290515645,0.06304728546409807,7.0,4.14273665832286,3.7728143245314274,5.8657678640515165,1.6112084063047285
New Zealand,2016,China,101.18,United States,197.0,104.3532232909198,2.280443814042009,6.493848688462201,0.08613681516948177,6.9920718816067655,4.47992075982417,4.378550132649217,5.694116664047754,1.1208406304728546
New Zealand,2017,China,121.08,United States,204.16,104.3532232909198,2.280443814042009,6.493848688462201,0.08613681516948177,6.9920718816067655,4.47992075982417,4.378550132649217,5.694116664047754,1.1208406304728546
New Zealand,2014,United States,164.76,Fiji,130.08,281.6137577114979,2.2680985519055,6.688822290515645,0.06304728546409807,7.0,4.14273665832286,3.7728143245314274,5.8657678640515165,1.6112084063047285
New Zealand,2015,United States,176.98,Fiji,145.98,281.6137577114979,2.2680985519055,6.688822290515645,0.06304728546409807,7.0,4.14273665832286,3.7728143245314274,5.8657678640515165,1.6112084063047285
New Zealand,2016,United States,197.0,Fiji,159.54,281.6137577114979,2.280443814042009,6.493848688462201,0.08613681516948177,6.9920718816067655,4.47992075982417,4.378550132649217,5.694116664047754,1.1208406304728546
New Zealand,2017,United States,204.16,Fiji,178.18,281.6137577114979,2.280443814042009,6.493848688462201,0.08613681516948177,6.9920718816067655,4.47992075982417,4.378550132649217,5.694116664047754,1.1208406304728546
New Zealand,2014,United Kingdom,101.42,China,76.86,202.65311759347992,2.2680985519055,6.688822290515645,0.06304728546409807,7.0,4.14273665832286,3.7728143245314274,5.8657678640515165,1.6112084063047285
New Zealand,2015,United Kingdom,112.14,China,85.98,202.65311759347992,2.2680985519055,6.688822290515645,0.06304728546409807,7.0,4.14273665832286,3.7728143245314274,5.8657678640515165,1.6112084063047285
New Zealand,2016,United Kingdom,110.0,China,101.18,202.65311759347992,2.280443814042009,6.493848688462201,0.08613681516948177,6.9920718816067655,4.47992075982417,4.378550132649217,5.694116664047754,1.1208406304728546
New Zealand,2017,United Kingdom,123.14,China,121.08,202.65311759347992,2.280443814042009,6.493848688462201,0.08613681516948177,6.9920718816067655,4.47992075982417,4.378550132649217,5.694116664047754,1.1208406304728546
New Zealand,2014,Japan,79.648,United Kingdom,101.42,85.36521488088324,2.2680985519055,6.688822290515645,0.06304728546409807,7.0,4.14273665832286,3.7728143245314274,5.8657678640515165,1.6112084063047285
New Zealand,2015,Japan,85.472,United Kingdom,112.14,85.36521488088324,2.2680985519055,6.688822290515645,0.06304728546409807,7.0,4.14273665832286,3.7728143245314274,5.8657678640515165,1.6112084063047285
New Zealand,2016,Japan,98.544,United Kingdom,110.0,85.36521488088324,2.280443814042009,6.493848688462201,0.08613681516948177,6.9920718816067655,4.47992075982417,4.378550132649217,5.694116664047754,1.1208406304728546
New Zealand,2017,Japan,98.288,United Kingdom,123.14,85.36521488088324,2.280443814042009,6.493848688462201,0.08613681516948177,6.9920718816067655,4.47992075982417,4.378550132649217,5.694116664047754,1.1208406304728546
Norway,2014,Germany,620.0,Sweden,1478.0,9.515169854673584,2.2156713450518892,5.00792546381503,0.15411558669001751,6.745,3.9556049399165816,3.229400691338526,5.48935969588465,1.6112084063047285
Norway,2015,Germany,498.0,Sweden,1535.0,9.515169854673584,2.2156713450518892,5.00792546381503,0.15411558669001751,6.745,3.9556049399165816,3.229400691338526,5.48935969588465,1.6112084063047285
Norway,2016,Germany,452.0,Sweden,1222.0,9.515169854673584,2.2168762084095426,4.9738501760694716,0.08384315217686052,7.0,4.103575586501117,3.689214432934312,5.42909799726693,1.681260945709282
Norway,2017,Germany,414.0,Sweden,1363.0,9.515169854673584,2.2168762084095426,4.9738501760694716,0.08384315217686052,7.0,4.103575586501117,3.689214432934312,5.42909799726693,1.681260945709282
Norway,2014,Sweden,1478.0,Spain,1234.0,10.180364001880974,2.2156713450518892,5.00792546381503,0.15411558669001751,6.745,3.9556049399165816,3.229400691338526,5.48935969588465,1.6112084063047285
Norway,2015,Sweden,1535.0,Spain,1242.0,10.180364001880974,2.2156713450518892,5.00792546381503,0.15411558669001751,6.745,3.9556049399165816,3.229400691338526,5.48935969588465,1.6112084063047285
Norway,2016,Sweden,1222.0,Spain,1290.0,10.180364001880974,2.2168762084095426,4.9738501760694716,0.08384315217686052,7.0,4.103575586501117,3.689214432934312,5.42909799726693,1.681260945709282
Norway,2017,Sweden,1363.0,Spain,1359.0,10.180364001880974,2.2168762084095426,4.9738501760694716,0.08384315217686052,7.0,4.103575586501117,3.689214432934312,5.42909799726693,1.681260945709282
Norway,2014,United States,0.0,Denmark,1127.0,106.77341890057293,2.2156713450518892,5.00792546381503,0.15411558669001751,6.745,3.9556049399165816,3.229400691338526,5.48935969588465,1.6112084063047285
Norway,2015,United States,0.0,Denmark,937.0,106.77341890057293,2.2156713450518892,5.00792546381503,0.15411558669001751,6.745,3.9556049399165816,3.229400691338526,5.48935969588465,1.6112084063047285
Norway,2016,United States,0.0,Denmark,825.0,106.77341890057293,2.2168762084095426,4.9738501760694716,0.08384315217686052,7.0,4.103575586501117,3.689214432934312,5.42909799726693,1.681260945709282
Norway,2017,United States,0.0,Denmark,742.0,106.77341890057293,2.2168762084095426,4.9738501760694716,0.08384315217686052,7.0,4.103575586501117,3.689214432934312,5.42909799726693,1.681260945709282
Norway,2014,Netherlands,319.702,United Kingdom,676.0,8.924297867803437,2.2156713450518892,5.00792546381503,0.15411558669001751,6.745,3.9556049399165816,3.229400691338526,5.48935969588465,1.6112084063047285
Norway,2015,Netherlands,337.789,United Kingdom,674.0,8.924297867803437,2.2156713450518892,5.00792546381503,0.15411558669001751,6.745,3.9556049399165816,3.229400691338526,5.48935969588465,1.6112084063047285
Norway,2016,Netherlands,404.837,United Kingdom,654.0,8.924297867803437,2.2168762084095426,4.9738501760694716,0.08384315217686052,7.0,4.103575586501117,3.689214432934312,5.42909799726693,1.681260945709282
Norway,2017,Netherlands,438.042,United Kingdom,571.0,8.924297867803437,2.2168762084095426,4.9738501760694716,0.08384315217686052,7.0,4.103575586501117,3.689214432934312,5.42909799726693,1.681260945709282
Norway,2014,Denmark,1127.0,Germany,620.0,4.3330007702211395,2.2156713450518892,5.00792546381503,0.15411558669001751,6.745,3.9556049399165816,3.229400691338526,5.48935969588465,1.6112084063047285
Norway,2015,Denmark,937.0,Germany,498.0,4.3330007702211395,2.2156713450518892,5.00792546381503,0.15411558669001751,6.745,3.9556049399165816,3.229400691338526,5.48935969588465,1.6112084063047285
Norway,2016,Denmark,825.0,Germany,452.0,4.3330007702211395,2.2168762084095426,4.9738501760694716,0.08384315217686052,7.0,4.103575586501117,3.689214432934312,5.42909799726693,1.681260945709282
Norway,2017,Denmark,742.0,Germany,414.0,4.3330007702211395,2.2168762084095426,4.9738501760694716,0.08384315217686052,7.0,4.103575586501117,3.689214432934312,5.42909799726693,1.681260945709282
Peru,2014,Chile,1091.195,Chile,1091.195,26.711810391994945,2.995461003293088,5.341588307571596,0.6725043782837128,6.798,4.6087177755172455,3.9032100391513485,4.749602686213531,2.3817863397548162
Peru,2015,Chile,1181.401,Chile,1181.401,26.711810391994945,2.995461003293088,5.341588307571596,0.6725043782837128,6.798,4.6087177755172455,3.9032100391513485,4.749602686213531,2.3817863397548162
Peru,2016,Chile,1288.121,Chile,1288.121,26.711810391994945,3.278211100713018,4.569689850833829,0.10376816653556319,6.629346992703975,5.266191464821027,3.825963787141272,4.66977823761724,2.3817863397548162
Peru,2017,Chile,1358.528,Chile,1358.528,26.711810391994945,3.278211100713018,4.569689850833829,0.10376816653556319,6.629346992703975,5.266191464821027,3.825963787141272,4.66977823761724,2.3817863397548162
Peru,2014,United States,258.614,United States,258.614,50.69767213270221,2.995461003293088,5.341588307571596,0.6725043782837128,6.798,4.6087177755172455,3.9032100391513485,4.749602686213531,2.3817863397548162
Peru,2015,United States,289.453,United States,289.453,50.69767213270221,2.995461003293088,5.341588307571596,0.6725043782837128,6.798,4.6087177755172455,3.9032100391513485,4.749602686213531,2.3817863397548162
Peru,2016,United States,304.906,United States,304.906,50.69767213270221,3.278211100713018,4.569689850833829,0.10376816653556319,6.629346992703975,5.266191464821027,3.825963787141272,4.66977823761724,2.3817863397548162
Peru,2017,United States,292.366,United States,292.366,50.69767213270221,3.278211100713018,4.569689850833829,0.10376816653556319,6.629346992703975,5.266191464821027,3.825963787141272,4.66977823761724,2.3817863397548162
Peru,2014,Ecuador,161.176,Bolivia,314.687,8.011785767636328,2.995461003293088,5.341588307571596,0.6725043782837128,6.798,4.6087177755172455,3.9032100391513485,4.749602686213531,2.3817863397548162
Peru,2015,Ecuador,154.091,Bolivia,289.675,8.011785767636328,2.995461003293088,5.341588307571596,0.6725043782837128,6.798,4.6087177755172455,3.9032100391513485,4.749602686213531,2.3817863397548162
Peru,2016,Ecuador,135.548,Bolivia,269.883,8.011785767636328,3.278211100713018,4.569689850833829,0.10376816653556319,6.629346992703975,5.266191464821027,3.825963787141272,4.66977823761724,2.3817863397548162
Peru,2017,Ecuador,132.198,Bolivia,251.287,8.011785767636328,3.278211100713018,4.569689850833829,0.10376816653556319,6.629346992703975,5.266191464821027,3.825963787141272,4.66977823761724,2.3817863397548162
Peru,2014,Colombia,151.876,Spain,73.666,13.779544405167611,2.995461003293088,5.341588307571596,0.6725043782837128,6.798,4.6087177755172455,3.9032100391513485,4.749602686213531,2.3817863397548162
Peru,2015,Colombia,165.384,Spain,79.925,13.779544405167611,2.995461003293088,5.341588307571596,0.6725043782837128,6.798,4.6087177755172455,3.9032100391513485,4.749602686213531,2.3817863397548162
Peru,2016,Colombia,189.754,Spain,109.017,13.779544405167611,3.278211100713018,4.569689850833829,0.10376816653556319,6.629346992703975,5.266191464821027,3.825963787141272,4.66977823761724,2.3817863397548162
Peru,2017,Colombia,200.812,Spain,143.305,13.779544405167611,3.278211100713018,4.569689850833829,0.10376816653556319,6.629346992703975,5.266191464821027,3.825963787141272,4.66977823761724,2.3817863397548162
Peru,2014,Argentina,155.931,Ecuador,161.176,31.370241010985236,2.995461003293088,5.341588307571596,0.6725043782837128,6.798,4.6087177755172455,3.9032100391513485,4.749602686213531,2.3817863397548162
Peru,2015,Argentina,170.96,Ecuador,154.091,31.370241010985236,2.995461003293088,5.341588307571596,0.6725043782837128,6.798,4.6087177755172455,3.9032100391513485,4.749602686213531,2.3817863397548162
Peru,2016,Argentina,175.488,Ecuador,135.548,31.370241010985236,3.278211100713018,4.569689850833829,0.10376816653556319,6.629346992703975,5.266191464821027,3.825963787141272,4.66977823761724,2.3817863397548162
Peru,2017,Argentina,205.465,Ecuador,132.198,31.370241010985236,3.278211100713018,4.569689850833829,0.10376816653556319,6.629346992703975,5.266191464821027,3.825963787141272,4.66977823761724,2.3817863397548162
Poland,2014,Germany,2060.809,Germany,2060.809,8.72622423343046,2.771370897131114,3.715027532203943,0.0840630472854641,7.0,3.1442273598661568,4.936426530353781,4.44034888981294,1.6112084063047285
Poland,2015,Germany,2198.731,Germany,2198.731,8.72622423343046,2.771370897131114,3.715027532203943,0.0840630472854641,7.0,3.1442273598661568,4.936426530353781,4.44034888981294,1.6112084063047285
Poland,2016,Germany,2310.056,Germany,2310.056,8.72622423343046,2.8366638387139003,3.047711716379438,0.08952393481942265,7.0,2.9766381969301454,5.502553221831501,4.186462605246861,1.681260945709282
Poland,2017,Germany,2356.548,Germany,2356.548,8.72622423343046,2.8366638387139003,3.047711716379438,0.08952393481942265,7.0,2.9766381969301454,5.502553221831501,4.186462605246861,1.681260945709282
Poland,2014,Ukraine,1072.0,Italy,826.608,12.53087025537975,2.771370897131114,3.715027532203943,0.0840630472854641,7.0,3.1442273598661568,4.936426530353781,4.44034888981294,1.6112084063047285
Poland,2015,Ukraine,1198.0,Italy,879.011,12.53087025537975,2.771370897131114,3.715027532203943,0.0840630472854641,7.0,3.1442273598661568,4.936426530353781,4.44034888981294,1.6112084063047285
Poland,2016,Ukraine,1265.0,Italy,936.111,12.53087025537975,2.8366638387139003,3.047711716379438,0.08952393481942265,7.0,2.9766381969301454,5.502553221831501,4.186462605246861,1.681260945709282
Poland,2017,Ukraine,1360.0,Italy,999.935,12.53087025537975,2.8366638387139003,3.047711716379438,0.08952393481942265,7.0,2.9766381969301454,5.502553221831501,4.186462605246861,1.681260945709282
Poland,2014,United Kingdom,872.396,Czech Republic,495.055,22.84444106459272,2.771370897131114,3.715027532203943,0.0840630472854641,7.0,3.1442273598661568,4.936426530353781,4.44034888981294,1.6112084063047285
Poland,2015,United Kingdom,855.532,Czech Republic,584.704,22.84444106459272,2.771370897131114,3.715027532203943,0.0840630472854641,7.0,3.1442273598661568,4.936426530353781,4.44034888981294,1.6112084063047285
Poland,2016,United Kingdom,915.243,Czech Republic,654.987,22.84444106459272,2.8366638387139003,3.047711716379438,0.08952393481942265,7.0,2.9766381969301454,5.502553221831501,4.186462605246861,1.681260945709282
Poland,2017,United Kingdom,970.504,Czech Republic,725.347,22.84444106459272,2.8366638387139003,3.047711716379438,0.08952393481942265,7.0,2.9766381969301454,5.502553221831501,4.186462605246861,1.681260945709282
Poland,2014,Belarus,811.0,Greece,0.0,8.988367041246702,2.771370897131114,3.715027532203943,0.0840630472854641,7.0,3.1442273598661568,4.936426530353781,4.44034888981294,1.6112084063047285
Poland,2015,Belarus,801.0,Greece,0.0,8.988367041246702,2.771370897131114,3.715027532203943,0.0840630472854641,7.0,3.1442273598661568,4.936426530353781,4.44034888981294,1.6112084063047285
Poland,2016,Belarus,715.0,Greece,0.0,8.988367041246702,2.8366638387139003,3.047711716379438,0.08952393481942265,7.0,2.9766381969301454,5.502553221831501,4.186462605246861,1.681260945709282
Poland,2017,Belarus,763.0,Greece,0.0,8.988367041246702,2.8366638387139003,3.047711716379438,0.08952393481942265,7.0,2.9766381969301454,5.502553221831501,4.186462605246861,1.681260945709282
Romania,2014,Germany,234.451,Turkey,105.47,15.42617378599295,2.071691825344459,4.3230802976510185,0.1190893169877408,7.0,2.697830476582907,4.886423471156556,5.014697612138331,1.6112084063047285
Romania,2015,Germany,266.934,Turkey,98.627,15.42617378599295,2.071691825344459,4.3230802976510185,0.1190893169877408,7.0,2.697830476582907,4.886423471156556,5.014697612138331,1.6112084063047285
Romania,2016,Germany,281.704,Turkey,102.58,15.42617378599295,2.265123625129042,3.0102955560177422,0.08652171864167288,7.0,2.9948513849096137,4.678371328351222,4.370178815044998,1.681260945709282
Romania,2017,Germany,324.371,Turkey,139.815,15.42617378599295,2.265123625129042,3.0102955560177422,0.08652171864167288,7.0,2.9948513849096137,4.678371328351222,4.370178815044998,1.681260945709282
Romania,2014,Israel,139.425,Bulgaria,85.523,17.878316067627964,2.071691825344459,4.3230802976510185,0.1190893169877408,7.0,2.697830476582907,4.886423471156556,5.014697612138331,1.6112084063047285
Romania,2015,Israel,219.307,Bulgaria,110.558,17.878316067627964,2.071691825344459,4.3230802976510185,0.1190893169877408,7.0,2.697830476582907,4.886423471156556,5.014697612138331,1.6112084063047285
Romania,2016,Israel,251.908,Bulgaria,132.515,17.878316067627964,2.265123625129042,3.0102955560177422,0.08652171864167288,7.0,2.9948513849096137,4.678371328351222,4.370178815044998,1.681260945709282
Romania,2017,Israel,292.752,Bulgaria,139.183,17.878316067627964,2.265123625129042,3.0102955560177422,0.08652171864167288,7.0,2.9948513849096137,4.678371328351222,4.370178815044998,1.681260945709282
Romania,2014,Italy,37.37,Greece,105.752,13.050649976734531,2.071691825344459,4.3230802976510185,0.1190893169877408,7.0,2.697830476582907,4.886423471156556,5.014697612138331,1.6112084063047285
Romania,2015,Italy,47.117,Greece,136.812,13.050649976734531,2.071691825344459,4.3230802976510185,0.1190893169877408,7.0,2.697830476582907,4.886423471156556,5.014697612138331,1.6112084063047285
Romania,2016,Italy,52.384,Greece,136.469,13.050649976734531,2.265123625129042,3.0102955560177422,0.08652171864167288,7.0,2.9948513849096137,4.678371328351222,4.370178815044998,1.681260945709282
Romania,2017,Italy,52.369,Greece,162.545,13.050649976734531,2.265123625129042,3.0102955560177422,0.08652171864167288,7.0,2.9948513849096137,4.678371328351222,4.370178815044998,1.681260945709282
Romania,2014,France,123.779,Spain,55.576,22.754789314112536,2.071691825344459,4.3230802976510185,0.1190893169877408,7.0,2.697830476582907,4.886423471156556,5.014697612138331,1.6112084063047285
Romania,2015,France,134.468,Spain,59.735,22.754789314112536,2.071691825344459,4.3230802976510185,0.1190893169877408,7.0,2.697830476582907,4.886423471156556,5.014697612138331,1.6112084063047285
Romania,2016,France,145.584,Spain,64.775,22.754789314112536,2.265123625129042,3.0102955560177422,0.08652171864167288,7.0,2.9948513849096137,4.678371328351222,4.370178815044998,1.681260945709282
Romania,2017,France,167.163,Spain,56.347,22.754789314112536,2.265123625129042,3.0102955560177422,0.08652171864167288,7.0,2.9948513849096137,4.678371328351222,4.370178815044998,1.681260945709282
Romania,2014,United States,113.42,Italy,37.37,121.00393537283836,2.071691825344459,4.3230802976510185,0.1190893169877408,7.0,2.697830476582907,4.886423471156556,5.014697612138331,1.6112084063047285
Romania,2015,United States,130.201,Italy,47.117,121.00393537283836,2.071691825344459,4.3230802976510185,0.1190893169877408,7.0,2.697830476582907,4.886423471156556,5.014697612138331,1.6112084063047285
Romania,2016,United States,137.586,Italy,52.384,121.00393537283836,2.265123625129042,3.0102955560177422,0.08652171864167288,7.0,2.9948513849096137,4.678371328351222,4.370178815044998,1.681260945709282
Romania,2017,United States,157.179,Italy,52.369,121.00393537283836,2.265123625129042,3.0102955560177422,0.08652171864167288,7.0,2.9948513849096137,4.678371328351222,4.370178815044998,1.681260945709282
Slovenia,2014,Italy,157.0,Croatia,1494.0,4.920163015946725,1.4008490383056027,4.279142296883217,0.049036777583187384,7.0,3.8743788427153745,4.342342165316544,5.715647261547899,1.6112084063047285
Slovenia,2015,Italy,217.0,Croatia,1614.0,4.920163015946725,1.4008490383056027,4.279142296883217,0.049036777583187384,7.0,3.8743788427153745,4.342342165316544,5.715647261547899,1.6112084063047285
Slovenia,2016,Italy,152.0,Croatia,1660.0,4.920163015946725,1.4567043503794421,4.173477557431097,0.08335589936666805,7.0,3.7826010596274715,4.630718697496349,5.401638246213025,1.681260945709282
Slovenia,2017,Italy,208.0,Croatia,1680.0,4.920163015946725,1.4567043503794421,4.173477557431097,0.08335589936666805,7.0,3.7826010596274715,4.630718697496349,5.401638246213025,1.681260945709282
Slovenia,2014,Germany,117.0,Italy,157.0,6.766983985681438,1.4008490383056027,4.279142296883217,0.049036777583187384,7.0,3.8743788427153745,4.342342165316544,5.715647261547899,1.6112084063047285
Slovenia,2015,Germany,109.0,Italy,217.0,6.766983985681438,1.4008490383056027,4.279142296883217,0.049036777583187384,7.0,3.8743788427153745,4.342342165316544,5.715647261547899,1.6112084063047285
Slovenia,2016,Germany,103.0,Italy,152.0,6.766983985681438,1.4567043503794421,4.173477557431097,0.08335589936666805,7.0,3.7826010596274715,4.630718697496349,5.401638246213025,1.681260945709282
Slovenia,2017,Germany,168.0,Italy,208.0,6.766983985681438,1.4567043503794421,4.173477557431097,0.08335589936666805,7.0,3.7826010596274715,4.630718697496349,5.401638246213025,1.681260945709282
Slovenia,2014,Austria,162.0,Austria,162.0,1.4358171342413342,1.4008490383056027,4.279142296883217,0.049036777583187384,7.0,3.8743788427153745,4.342342165316544,5.715647261547899,1.6112084063047285
Slovenia,2015,Austria,189.0,Austria,189.0,1.4358171342413342,1.4008490383056027,4.279142296883217,0.049036777583187384,7.0,3.8743788427153745,4.342342165316544,5.715647261547899,1.6112084063047285
Slovenia,2016,Austria,149.0,Austria,149.0,1.4358171342413342,1.4567043503794421,4.173477557431097,0.08335589936666805,7.0,3.7826010596274715,4.630718697496349,5.401638246213025,1.681260945709282
Slovenia,2017,Austria,171.0,Austria,171.0,1.4358171342413342,1.4567043503794421,4.173477557431097,0.08335589936666805,7.0,3.7826010596274715,4.630718697496349,5.401638246213025,1.681260945709282
Slovenia,2014,Croatia,1494.0,Germany,117.0,1.0709542588037988,1.4008490383056027,4.279142296883217,0.049036777583187384,7.0,3.8743788427153745,4.342342165316544,5.715647261547899,1.6112084063047285
Slovenia,2015,Croatia,1614.0,Germany,109.0,1.0709542588037988,1.4008490383056027,4.279142296883217,0.049036777583187384,7.0,3.8743788427153745,4.342342165316544,5.715647261547899,1.6112084063047285
Slovenia,2016,Croatia,1660.0,Germany,103.0,1.0709542588037988,1.4567043503794421,4.173477557431097,0.08335589936666805,7.0,3.7826010596274715,4.630718697496349,5.401638246213025,1.681260945709282
Slovenia,2017,Croatia,1680.0,Germany,168.0,1.0709542588037988,1.4567043503794421,4.173477557431097,0.08335589936666805,7.0,3.7826010596274715,4.630718697496349,5.401638246213025,1.681260945709282
Slovenia,2014,Netherlands,87.186,Bosnia and Herzegovina,129.0,11.39949514989471,1.4008490383056027,4.279142296883217,0.049036777583187384,7.0,3.8743788427153745,4.342342165316544,5.715647261547899,1.6112084063047285
Slovenia,2015,Netherlands,95.337,Bosnia and Herzegovina,132.0,11.39949514989471,1.4008490383056027,4.279142296883217,0.049036777583187384,7.0,3.8743788427153745,4.342342165316544,5.715647261547899,1.6112084063047285
Slovenia,2016,Netherlands,107.605,Bosnia and Herzegovina,117.0,11.39949514989471,1.4567043503794421,4.173477557431097,0.08335589936666805,7.0,3.7826010596274715,4.630718697496349,5.401638246213025,1.681260945709282
Slovenia,2017,Netherlands,151.042,Bosnia and Herzegovina,142.0,11.39949514989471,1.4567043503794421,4.173477557431097,0.08335589936666805,7.0,3.7826010596274715,4.630718697496349,5.401638246213025,1.681260945709282
Spain,2014,United Kingdom,992.759771,France,2123.701196,14.917673202697026,6.689285714285715,6.382867277862168,0.05604203152364273,6.9384999999999994,4.585309152986092,4.224731765383391,6.5796565447392865,1.6112084063047285
Spain,2015,United Kingdom,1188.048,France,1835.837,14.917673202697026,6.689285714285715,6.382867277862168,0.05604203152364273,6.9384999999999994,4.585309152986092,4.224731765383391,6.5796565447392865,1.6112084063047285
Spain,2016,United Kingdom,1299.357,France,2146.534,14.917673202697026,6.85,6.084476523703717,0.09044701030765943,6.933576252374314,4.911176975423343,4.524486277059878,6.664390300412083,1.681260945709282
Spain,2017,United Kingdom,1388.142,France,2461.681,14.917673202697026,6.85,6.084476523703717,0.09044701030765943,6.933576252374314,4.911176975423343,4.524486277059878,6.664390300412083,1.681260945709282
Spain,2014,Germany,688.463,Portugal,1503.014125,17.781858863827818,6.689285714285715,6.382867277862168,0.05604203152364273,6.9384999999999994,4.585309152986092,4.224731765383391,6.5796565447392865,1.6112084063047285
Spain,2015,Germany,891.04,Portugal,1669.746,17.781858863827818,6.689285714285715,6.382867277862168,0.05604203152364273,6.9384999999999994,4.585309152986092,4.224731765383391,6.5796565447392865,1.6112084063047285
Spain,2016,Germany,804.012,Portugal,1650.105,17.781858863827818,6.85,6.084476523703717,0.09044701030765943,6.933576252374314,4.911176975423343,4.524486277059878,6.664390300412083,1.681260945709282
Spain,2017,Germany,803.045,Portugal,2086.134,17.781858863827818,6.85,6.084476523703717,0.09044701030765943,6.933576252374314,4.911176975423343,4.524486277059878,6.664390300412083,1.681260945709282
Spain,2014,France,2123.701196,Italy,1207.276313,8.29339261001202,6.689285714285715,6.382867277862168,0.05604203152364273,6.9384999999999994,4.585309152986092,4.224731765383391,6.5796565447392865,1.6112084063047285
Spain,2015,France,1835.837,Italy,1262.857,8.29339261001202,6.689285714285715,6.382867277862168,0.05604203152364273,6.9384999999999994,4.585309152986092,4.224731765383391,6.5796565447392865,1.6112084063047285
Spain,2016,France,2146.534,Italy,1450.755,8.29339261001202,6.85,6.084476523703717,0.09044701030765943,6.933576252374314,4.911176975423343,4.524486277059878,6.664390300412083,1.681260945709282
Spain,2017,France,2461.681,Italy,1291.884,8.29339261001202,6.85,6.084476523703717,0.09044701030765943,6.933576252374314,4.911176975423343,4.524486277059878,6.664390300412083,1.681260945709282
Spain,2014,Italy,1207.276313,Germany,688.463,16.37726071119737,6.689285714285715,6.382867277862168,0.05604203152364273,6.9384999999999994,4.585309152986092,4.224731765383391,6.5796565447392865,1.6112084063047285
Spain,2015,Italy,1262.857,Germany,891.04,16.37726071119737,6.689285714285715,6.382867277862168,0.05604203152364273,6.9384999999999994,4.585309152986092,4.224731765383391,6.5796565447392865,1.6112084063047285
Spain,2016,Italy,1450.755,Germany,804.012,16.37726071119737,6.85,6.084476523703717,0.09044701030765943,6.933576252374314,4.911176975423343,4.524486277059878,6.664390300412083,1.681260945709282
Spain,2017,Italy,1291.884,Germany,803.045,16.37726071119737,6.85,6.084476523703717,0.09044701030765943,6.933576252374314,4.911176975423343,4.524486277059878,6.664390300412083,1.681260945709282
Switzerland,2014,Germany,2638.61005,Germany,2638.61005,4.883341131561979,2.9347822282110982,5.842593038702668,0.04203152364273205,6.947,4.3225905220908585,2.5670429031785953,6.351744801708911,1.6112084063047285
Switzerland,2015,Germany,2938.76882,Germany,2938.76882,4.883341131561979,2.9347822282110982,5.842593038702668,0.04203152364273205,6.947,4.3225905220908585,2.5670429031785953,6.351744801708911,1.6112084063047285
Switzerland,2016,Germany,2979.81925,Germany,2979.81925,4.883341131561979,2.870019664783239,5.549081115385072,0.08339428509716572,6.984143763213531,3.7441725510947466,2.8117453274465607,6.203765135540394,1.681260945709282
Switzerland,2017,Germany,2765.58075,Germany,2765.58075,4.883341131561979,2.870019664783239,5.549081115385072,0.08339428509716572,6.984143763213531,3.7441725510947466,2.8117453274465607,6.203765135540394,1.681260945709282
Switzerland,2014,China,890.879,Italy,2556.54716,96.59130632302272,2.9347822282110982,5.842593038702668,0.04203152364273205,6.947,4.3225905220908585,2.5670429031785953,6.351744801708911,1.6112084063047285
Switzerland,2015,China,1209.674,Italy,2807.99681,96.59130632302272,2.9347822282110982,5.842593038702668,0.04203152364273205,6.947,4.3225905220908585,2.5670429031785953,6.351744801708911,1.6112084063047285
Switzerland,2016,China,982.249,Italy,2729.9376899999997,96.59130632302272,2.870019664783239,5.549081115385072,0.08339428509716572,6.984143763213531,3.7441725510947466,2.8117453274465607,6.203765135540394,1.681260945709282
Switzerland,2017,China,1061.628,Italy,2868.27563,96.59130632302272,2.870019664783239,5.549081115385072,0.08339428509716572,6.984143763213531,3.7441725510947466,2.8117453274465607,6.203765135540394,1.681260945709282
Switzerland,2014,United States,751.514,France,2002.9365500000001,104.39463754471834,2.9347822282110982,5.842593038702668,0.04203152364273205,6.947,4.3225905220908585,2.5670429031785953,6.351744801708911,1.6112084063047285
Switzerland,2015,United States,802.503,France,2244.10479,104.39463754471834,2.9347822282110982,5.842593038702668,0.04203152364273205,6.947,4.3225905220908585,2.5670429031785953,6.351744801708911,1.6112084063047285
Switzerland,2016,United States,898.804,France,1912.55897,104.39463754471834,2.870019664783239,5.549081115385072,0.08339428509716572,6.984143763213531,3.7441725510947466,2.8117453274465607,6.203765135540394,1.681260945709282
Switzerland,2017,United States,1009.002,France,3213.1965499999997,104.39463754471834,2.870019664783239,5.549081115385072,0.08339428509716572,6.984143763213531,3.7441725510947466,2.8117453274465607,6.203765135540394,1.681260945709282
Switzerland,2014,France,2002.9365500000001,Austria,1019.0184,6.042689361755163,2.9347822282110982,5.842593038702668,0.04203152364273205,6.947,4.3225905220908585,2.5670429031785953,6.351744801708911,1.6112084063047285
Switzerland,2015,France,2244.10479,Austria,1090.66261,6.042689361755163,2.9347822282110982,5.842593038702668,0.04203152364273205,6.947,4.3225905220908585,2.5670429031785953,6.351744801708911,1.6112084063047285
Switzerland,2016,France,1912.55897,Austria,960.1215500000001,6.042689361755163,2.870019664783239,5.549081115385072,0.08339428509716572,6.984143763213531,3.7441725510947466,2.8117453274465607,6.203765135540394,1.681260945709282
Switzerland,2017,France,3213.1965499999997,Austria,1062.01223,6.042689361755163,2.870019664783239,5.549081115385072,0.08339428509716572,6.984143763213531,3.7441725510947466,2.8117453274465607,6.203765135540394,1.681260945709282
Turkey,2014,Germany,5026.0,Iraq,1214.4071159999999,27.63187715470181,3.8278290384474114,5.364635487912087,0.18213660245183888,2.497,2.7836755987874895,4.366997938742761,5.035083875058969,1.9614711033274956
Turkey,2015,Germany,5356.0,Iraq,1400.610208,27.63187715470181,3.8278290384474114,5.364635487912087,0.18213660245183888,2.497,2.7836755987874895,4.366997938742761,5.035083875058969,1.9614711033274956
Turkey,2016,Germany,3827.0,Iraq,56.541646,27.63187715470181,4.10255366607211,4.845609267455775,0.017012277163785183,1.0,2.9823908803838077,4.856187528320751,4.735636920522922,3.572679509632224
Turkey,2017,Germany,3518.0,Iraq,580.662917,27.63187715470181,4.10255366607211,4.845609267455775,0.017012277163785183,1.0,2.9823908803838077,4.856187528320751,4.735636920522922,3.572679509632224
Turkey,2014,Bulgaria,730.833618,Bulgaria,730.833618,10.460525353399223,3.8278290384474114,5.364635487912087,0.18213660245183888,2.497,2.7836755987874895,4.366997938742761,5.035083875058969,1.9614711033274956
Turkey,2015,Bulgaria,782.3444910000001,Bulgaria,782.3444910000001,10.460525353399223,3.8278290384474114,5.364635487912087,0.18213660245183888,2.497,2.7836755987874895,4.366997938742761,5.035083875058969,1.9614711033274956
Turkey,2016,Bulgaria,938.809814,Bulgaria,938.809814,10.460525353399223,4.10255366607211,4.845609267455775,0.017012277163785183,1.0,2.9823908803838077,4.856187528320751,4.735636920522922,3.572679509632224
Turkey,2017,Bulgaria,948.794732,Bulgaria,948.794732,10.460525353399223,4.10255366607211,4.845609267455775,0.017012277163785183,1.0,2.9823908803838077,4.856187528320751,4.735636920522922,3.572679509632224
Turkey,2014,United Kingdom,2352.0,Greece,911.6587539999999,42.018059250263576,3.8278290384474114,5.364635487912087,0.18213660245183888,2.497,2.7836755987874895,4.366997938742761,5.035083875058969,1.9614711033274956
Turkey,2015,United Kingdom,2266.0,Greece,1017.6491040000001,42.018059250263576,3.8278290384474114,5.364635487912087,0.18213660245183888,2.497,2.7836755987874895,4.366997938742761,5.035083875058969,1.9614711033274956
Turkey,2016,United Kingdom,1588.0,Greece,883.490602,42.018059250263576,4.10255366607211,4.845609267455775,0.017012277163785183,1.0,2.9823908803838077,4.856187528320751,4.735636920522922,3.572679509632224
Turkey,2017,United Kingdom,1604.0,Greece,1058.492948,42.018059250263576,4.10255366607211,4.845609267455775,0.017012277163785183,1.0,2.9823908803838077,4.856187528320751,4.735636920522922,3.572679509632224
Turkey,2014,Georgia,1255.967981,Georgia,1255.967981,8.778590792783545,3.8278290384474114,5.364635487912087,0.18213660245183888,2.497,2.7836755987874895,4.366997938742761,5.035083875058969,1.9614711033274956
Turkey,2015,Georgia,1163.978187,Georgia,1163.978187,8.778590792783545,3.8278290384474114,5.364635487912087,0.18213660245183888,2.497,2.7836755987874895,4.366997938742761,5.035083875058969,1.9614711033274956
Turkey,2016,Georgia,1187.078381,Georgia,1187.078381,8.778590792783545,4.10255366607211,4.845609267455775,0.017012277163785183,1.0,2.9823908803838077,4.856187528320751,4.735636920522922,3.572679509632224
Turkey,2017,Georgia,1015.8575699999999,Georgia,1015.8575699999999,8.778590792783545,4.10255366607211,4.845609267455775,0.017012277163785183,1.0,2.9823908803838077,4.856187528320751,4.735636920522922,3.572679509632224
United States,2014,Canada,11523.181,Mexico,25882.0,21.808388339129422,4.788485542170491,5.258312406851855,0.3292469352014011,6.1845,5.274677051978754,4.26992475532148,6.298504553834095,0.4203152364273205
United States,2015,Canada,12668.836,Mexico,28733.0,21.808388339129422,4.788485542170491,5.258312406851855,0.3292469352014011,6.1845,5.274677051978754,4.26992475532148,6.298504553834095,0.4203152364273205
United States,2016,Canada,13891.8,Mexico,31194.0,21.808388339129422,4.837171177987691,5.151119745119,0.07204899666922106,4.647643902269955,4.898347622503918,4.361401436045799,6.588090090848501,0.4203152364273205
United States,2017,Canada,14280.387,Mexico,35050.0,21.808388339129422,4.837171177987691,5.151119745119,0.07204899666922106,4.647643902269955,4.898347622503918,4.361401436045799,6.588090090848501,0.4203152364273205
United States,2014,Mexico,25882.0,Canada,11523.181,15.094404535706934,4.788485542170491,5.258312406851855,0.3292469352014011,6.1845,5.274677051978754,4.26992475532148,6.298504553834095,0.4203152364273205
United States,2015,Mexico,28733.0,Canada,12668.836,15.094404535706934,4.788485542170491,5.258312406851855,0.3292469352014011,6.1845,5.274677051978754,4.26992475532148,6.298504553834095,0.4203152364273205
United States,2016,Mexico,31194.0,Canada,13891.8,15.094404535706934,4.837171177987691,5.151119745119,0.07204899666922106,4.647643902269955,4.898347622503918,4.361401436045799,6.588090090848501,0.4203152364273205
United States,2017,Mexico,35050.0,Canada,14280.387,15.094404535706934,4.837171177987691,5.151119745119,0.07204899666922106,4.647643902269955,4.898347622503918,4.361401436045799,6.588090090848501,0.4203152364273205
United States,2014,United Kingdom,2831.76,United Kingdom,2831.76,94.0716409272765,4.788485542170491,5.258312406851855,0.3292469352014011,6.1845,5.274677051978754,4.26992475532148,6.298504553834095,0.4203152364273205
United States,2015,United Kingdom,2885.432,United Kingdom,2885.432,94.0716409272765,4.788485542170491,5.258312406851855,0.3292469352014011,6.1845,5.274677051978754,4.26992475532148,6.298504553834095,0.4203152364273205
United States,2016,United Kingdom,3197.467,United Kingdom,3197.467,94.0716409272765,4.837171177987691,5.151119745119,0.07204899666922106,4.647643902269955,4.898347622503918,4.361401436045799,6.588090090848501,0.4203152364273205
United States,2017,United Kingdom,3756.046,United Kingdom,3756.046,94.0716409272765,4.837171177987691,5.151119745119,0.07204899666922106,4.647643902269955,4.898347622503918,4.361401436045799,6.588090090848501,0.4203152364273205
United States,2014,Japan,3620.224,France,2123.82,233.96749037015226,4.788485542170491,5.258312406851855,0.3292469352014011,6.1845,5.274677051978754,4.26992475532148,6.298504553834095,0.4203152364273205
United States,2015,Japan,3792.997,France,2360.808,233.96749037015226,4.788485542170491,5.258312406851855,0.3292469352014011,6.1845,5.274677051978754,4.26992475532148,6.298504553834095,0.4203152364273205
United States,2016,Japan,3603.786,France,2178.494,233.96749037015226,4.837171177987691,5.151119745119,0.07204899666922106,4.647643902269955,4.898347622503918,4.361401436045799,6.588090090848501,0.4203152364273205
United States,2017,Japan,3595.607,France,2644.563,233.96749037015226,4.837171177987691,5.151119745119,0.07204899666922106,4.647643902269955,4.898347622503918,4.361401436045799,6.588090090848501,0.4203152364273205
United States,2014,China,2189.781,Italy,1908.36,199.9120632175741,4.788485542170491,5.258312406851855,0.3292469352014011,6.1845,5.274677051978754,4.26992475532148,6.298504553834095,0.4203152364273205
United States,2015,China,2628.57,Italy,2032.918,199.9120632175741,4.788485542170491,5.258312406851855,0.3292469352014011,6.1845,5.274677051978754,4.26992475532148,6.298504553834095,0.4203152364273205
United States,2016,China,3049.942,Italy,2213.631,199.9120632175741,4.837171177987691,5.151119745119,0.07204899666922106,4.647643902269955,4.898347622503918,4.361401436045799,6.588090090848501,0.4203152364273205
United States,2017,China,3173.915,Italy,2337.947,199.9120632175741,4.837171177987691,5.151119745119,0.07204899666922106,4.647643902269955,4.898347622503918,4.361401436045799,6.588090090848501,0.4203152364273205
